original_phrase,paraphrase,approach_name,semantic_similarity,bleu,bert_score,sacre_bleu,persona
Write code to make a calculator,"Create a program that performs basic arithmetic operations like addition, subtraction, multiplication, and division.",llms,0.18331672251224518,8.844844403089352e-232,0.9637789726257324,0.0,"John, a junior software engineer. He studied computer science for his undergraduate degree at the University of Bristol and recently graduated. He did an internship in a small startup at the end of his third year where he assisted senior developers to build a tool that helped companies to track and manage their inventory. He has experience with Python, AWS, and unit testing."
Write code to make a calculator,Develop a simple calculator application that can handle input from users for various mathematical calculations.,llms,0.4424743950366974,1.0832677820940877e-231,0.9785426259040833,0.0,"John, a junior software engineer. He studied computer science for his undergraduate degree at the University of Bristol and recently graduated. He did an internship in a small startup at the end of his third year where he assisted senior developers to build a tool that helped companies to track and manage their inventory. He has experience with Python, AWS, and unit testing."
Write code to make a calculator,Construct a code snippet that enables users to input numbers and operators to compute results for standard calculations.,llms,0.577491819858551,1.1484186507842885e-231,0.9770593643188477,0.0,"John, a junior software engineer. He studied computer science for his undergraduate degree at the University of Bristol and recently graduated. He did an internship in a small startup at the end of his third year where he assisted senior developers to build a tool that helped companies to track and manage their inventory. He has experience with Python, AWS, and unit testing."
Write code to make a calculator,"Write a script that functions as a calculator, allowing for the execution of mathematical expressions given by the user.",llms,0.41537487506866455,4.336508547901975e-155,0.9793558120727539,0.0,"John, a junior software engineer. He studied computer science for his undergraduate degree at the University of Bristol and recently graduated. He did an internship in a small startup at the end of his third year where he assisted senior developers to build a tool that helped companies to track and manage their inventory. He has experience with Python, AWS, and unit testing."
Write code to make a calculator,Design a tool that accepts numerical input and arithmetic symbols to compute and display the corresponding results.,llms,0.3737918734550476,1.0518351895246305e-231,0.9728169441223145,0.0,"John, a junior software engineer. He studied computer science for his undergraduate degree at the University of Bristol and recently graduated. He did an internship in a small startup at the end of his third year where he assisted senior developers to build a tool that helped companies to track and manage their inventory. He has experience with Python, AWS, and unit testing."
Write code to make a calculator,Create a program that performs basic arithmetic operations as a calculator.,llms,0.4568363428115845,5.233427736988301e-155,0.9813663959503174,0.0,"Brad, a principal software engineer at Amazon. He has 12 years of professional software development experience and has led large-scale projects in industry. Brad has knowledge of object-oriented design, data structures, and algorithms. He also has experience designing and building large-scale systems in a multi-tiered, distributed environment. In his current role at the Amazon Device Management Systems organisation, he works on device-authentication, device-registration, device profiles and account-linking and is now working to expand to Remote Key provisioning and Passkeys. "
Write code to make a calculator,"Develop a software application capable of executing calculations like addition, subtraction, multiplication, and division.",llms,0.16282358765602112,8.844844403089352e-232,0.9650905728340149,0.0,"Brad, a principal software engineer at Amazon. He has 12 years of professional software development experience and has led large-scale projects in industry. Brad has knowledge of object-oriented design, data structures, and algorithms. He also has experience designing and building large-scale systems in a multi-tiered, distributed environment. In his current role at the Amazon Device Management Systems organisation, he works on device-authentication, device-registration, device profiles and account-linking and is now working to expand to Remote Key provisioning and Passkeys. "
Write code to make a calculator,Implement a functional calculator that can take user input and display the results of various mathematical computations.,llms,0.4985866844654083,1.0518351895246305e-231,0.9695850610733032,0.0,"Brad, a principal software engineer at Amazon. He has 12 years of professional software development experience and has led large-scale projects in industry. Brad has knowledge of object-oriented design, data structures, and algorithms. He also has experience designing and building large-scale systems in a multi-tiered, distributed environment. In his current role at the Amazon Device Management Systems organisation, he works on device-authentication, device-registration, device profiles and account-linking and is now working to expand to Remote Key provisioning and Passkeys. "
Write code to make a calculator,"Design a tool that allows users to carry out fundamental calculations, mimicking the behavior of a traditional calculator.",llms,0.49317702651023865,1.1337861261109773e-231,0.9682051539421082,0.0,"Brad, a principal software engineer at Amazon. He has 12 years of professional software development experience and has led large-scale projects in industry. Brad has knowledge of object-oriented design, data structures, and algorithms. He also has experience designing and building large-scale systems in a multi-tiered, distributed environment. In his current role at the Amazon Device Management Systems organisation, he works on device-authentication, device-registration, device profiles and account-linking and is now working to expand to Remote Key provisioning and Passkeys. "
Write code to make a calculator,Write a script to build a calculator interface that supports essential math operations and provides the computed output to the user.,llms,0.5946989059448242,4.550160538169341e-155,0.9779142141342163,0.0,"Brad, a principal software engineer at Amazon. He has 12 years of professional software development experience and has led large-scale projects in industry. Brad has knowledge of object-oriented design, data structures, and algorithms. He also has experience designing and building large-scale systems in a multi-tiered, distributed environment. In his current role at the Amazon Device Management Systems organisation, he works on device-authentication, device-registration, device profiles and account-linking and is now working to expand to Remote Key provisioning and Passkeys. "
Write code to make a calculator,Create a program that functions as a calculator.,llms,0.46909722685813904,6.08970970641905e-155,0.983734130859375,0.0,"Harold, an English teacher who has never used a programming language. He understands how to use Excel and basic word processing on a computer but has no knowledge of data structures, programming, or computing concepts."
Write code to make a calculator,Develop a piece of software that performs calculations.,llms,0.20939901471138,1.0518351895246305e-231,0.9830291867256165,0.0,"Harold, an English teacher who has never used a programming language. He understands how to use Excel and basic word processing on a computer but has no knowledge of data structures, programming, or computing concepts."
Write code to make a calculator,Design a coding solution to build a calculator.,llms,0.5812265276908875,6.7393716283177006e-155,0.9867836236953735,0.0,"Harold, an English teacher who has never used a programming language. He understands how to use Excel and basic word processing on a computer but has no knowledge of data structures, programming, or computing concepts."
Write code to make a calculator,Construct a program that can carry out arithmetic operations.,llms,0.4910958707332611,1.0244914152188952e-231,0.9757475256919861,0.0,"Harold, an English teacher who has never used a programming language. He understands how to use Excel and basic word processing on a computer but has no knowledge of data structures, programming, or computing concepts."
Write code to make a calculator,Write a script that simulates the functionality of a calculator.,llms,0.4270680546760559,6.061838450024688e-155,0.9817756414413452,0.0,"Harold, an English teacher who has never used a programming language. He understands how to use Excel and basic word processing on a computer but has no knowledge of data structures, programming, or computing concepts."
Write code to make a todo list app,Create a task management application that helps users keep track of their to-do items.,llms,0.5744756460189819,9.257324954728539e-232,0.9733878374099731,0.0,"John, a junior software engineer. He studied computer science for his undergraduate degree at the University of Bristol and recently graduated. He did an internship in a small startup at the end of his third year where he assisted senior developers to build a tool that helped companies to track and manage their inventory. He has experience with Python, AWS, and unit testing."
Write code to make a todo list app,"Develop a simple application that allows users to add, delete, and view their tasks on a to-do list.",llms,0.5387699007987976,1.1200407237786664e-231,0.9654465913772583,0.0,"John, a junior software engineer. He studied computer science for his undergraduate degree at the University of Bristol and recently graduated. He did an internship in a small startup at the end of his third year where he assisted senior developers to build a tool that helped companies to track and manage their inventory. He has experience with Python, AWS, and unit testing."
Write code to make a todo list app,Build a to-do list application where users can manage their daily tasks effectively.,llms,0.5620588660240173,1.1200407237786664e-231,0.9791467189788818,0.0,"John, a junior software engineer. He studied computer science for his undergraduate degree at the University of Bristol and recently graduated. He did an internship in a small startup at the end of his third year where he assisted senior developers to build a tool that helped companies to track and manage their inventory. He has experience with Python, AWS, and unit testing."
Write code to make a todo list app,Construct an app that enables users to organize and prioritize their to-do tasks.,llms,0.559382975101471,1.1200407237786664e-231,0.9680352807044983,0.0,"John, a junior software engineer. He studied computer science for his undergraduate degree at the University of Bristol and recently graduated. He did an internship in a small startup at the end of his third year where he assisted senior developers to build a tool that helped companies to track and manage their inventory. He has experience with Python, AWS, and unit testing."
Write code to make a todo list app,Design a task organization tool that lets users create and manage a list of things to do.,llms,0.6603201031684875,1.1640469867513693e-231,0.967459499835968,0.0,"John, a junior software engineer. He studied computer science for his undergraduate degree at the University of Bristol and recently graduated. He did an internship in a small startup at the end of his third year where he assisted senior developers to build a tool that helped companies to track and manage their inventory. He has experience with Python, AWS, and unit testing."
Write code to make a todo list app,"Create a task management application that allows users to add, edit, and remove to-do items.",llms,0.5031251907348633,1.0518351895246305e-231,0.9656659960746765,0.0,"Brad, a principal software engineer at Amazon. He has 12 years of professional software development experience and has led large-scale projects in industry. Brad has knowledge of object-oriented design, data structures, and algorithms. He also has experience designing and building large-scale systems in a multi-tiered, distributed environment. In his current role at the Amazon Device Management Systems organisation, he works on device-authentication, device-registration, device profiles and account-linking and is now working to expand to Remote Key provisioning and Passkeys. "
Write code to make a todo list app,Develop a simple application to help users manage their daily tasks using a to-do list interface.,llms,0.6406821608543396,1.1808001696991507e-231,0.9788679480552673,0.0,"Brad, a principal software engineer at Amazon. He has 12 years of professional software development experience and has led large-scale projects in industry. Brad has knowledge of object-oriented design, data structures, and algorithms. He also has experience designing and building large-scale systems in a multi-tiered, distributed environment. In his current role at the Amazon Device Management Systems organisation, he works on device-authentication, device-registration, device profiles and account-linking and is now working to expand to Remote Key provisioning and Passkeys. "
Write code to make a todo list app,Implement a todo list software solution that enables users to track their tasks with features for adding and deleting items.,llms,0.518915593624115,2.1732409599540408e-78,0.9741700291633606,0.0,"Brad, a principal software engineer at Amazon. He has 12 years of professional software development experience and has led large-scale projects in industry. Brad has knowledge of object-oriented design, data structures, and algorithms. He also has experience designing and building large-scale systems in a multi-tiered, distributed environment. In his current role at the Amazon Device Management Systems organisation, he works on device-authentication, device-registration, device profiles and account-linking and is now working to expand to Remote Key provisioning and Passkeys. "
Write code to make a todo list app,Design and code an application that facilitates task organization through a user-friendly to-do list.,llms,0.5317113995552063,1.2183324802375697e-231,0.976421594619751,0.0,"Brad, a principal software engineer at Amazon. He has 12 years of professional software development experience and has led large-scale projects in industry. Brad has knowledge of object-oriented design, data structures, and algorithms. He also has experience designing and building large-scale systems in a multi-tiered, distributed environment. In his current role at the Amazon Device Management Systems organisation, he works on device-authentication, device-registration, device profiles and account-linking and is now working to expand to Remote Key provisioning and Passkeys. "
Write code to make a todo list app,"Construct a to-do list program that allows users to create, modify, and delete their task entries efficiently.",llms,0.5092479586601257,1.1337861261109773e-231,0.9697089195251465,0.0,"Brad, a principal software engineer at Amazon. He has 12 years of professional software development experience and has led large-scale projects in industry. Brad has knowledge of object-oriented design, data structures, and algorithms. He also has experience designing and building large-scale systems in a multi-tiered, distributed environment. In his current role at the Amazon Device Management Systems organisation, he works on device-authentication, device-registration, device profiles and account-linking and is now working to expand to Remote Key provisioning and Passkeys. "
Write code to make a todo list app,Create a program that allows users to manage their tasks in a to-do list format.,llms,0.6578225493431091,1.1988328686372911e-231,0.9782112836837769,0.0,"Harold, an English teacher who has never used a programming language. He understands how to use Excel and basic word processing on a computer but has no knowledge of data structures, programming, or computing concepts."
Write code to make a todo list app,Develop an application where individuals can organize and track their tasks effectively.,llms,0.32250353693962097,0.0,0.9641610383987427,0.0,"Harold, an English teacher who has never used a programming language. He understands how to use Excel and basic word processing on a computer but has no knowledge of data structures, programming, or computing concepts."
Write code to make a todo list app,Construct a digital task manager that helps users keep their to-do items in order.,llms,0.6012437343597412,9.257324954728539e-232,0.9733912944793701,0.0,"Harold, an English teacher who has never used a programming language. He understands how to use Excel and basic word processing on a computer but has no knowledge of data structures, programming, or computing concepts."
Write code to make a todo list app,Build a simple app that enables users to list and check off their daily tasks.,llms,0.5301784873008728,1.2882297539194154e-231,0.9685876369476318,0.0,"Harold, an English teacher who has never used a programming language. He understands how to use Excel and basic word processing on a computer but has no knowledge of data structures, programming, or computing concepts."
Write code to make a todo list app,Design a tool that allows people to jot down and prioritize their tasks in a to-do list style.,llms,0.6159602403640747,1.1484186507842885e-231,0.966798722743988,0.0,"Harold, an English teacher who has never used a programming language. He understands how to use Excel and basic word processing on a computer but has no knowledge of data structures, programming, or computing concepts."
Write code for a database for an online bicycle shop,Create a database schema suitable for managing an online bicycle retail store.,llms,0.7186663746833801,3.908633169762327e-78,0.9845361709594727,0.0,"John, a junior software engineer. He studied computer science for his undergraduate degree at the University of Bristol and recently graduated. He did an internship in a small startup at the end of his third year where he assisted senior developers to build a tool that helped companies to track and manage their inventory. He has experience with Python, AWS, and unit testing."
Write code for a database for an online bicycle shop,Develop a database structure to support the operations of an e-commerce site focused on bicycle sales.,llms,0.7144771218299866,5.1945147945938015e-155,0.9813881516456604,0.0,"John, a junior software engineer. He studied computer science for his undergraduate degree at the University of Bristol and recently graduated. He did an internship in a small startup at the end of his third year where he assisted senior developers to build a tool that helped companies to track and manage their inventory. He has experience with Python, AWS, and unit testing."
Write code for a database for an online bicycle shop,Construct a relational database model for an online shop specializing in bicycles.,llms,0.7763931751251221,3.5318487635731415e-78,0.9840606451034546,0.0,"John, a junior software engineer. He studied computer science for his undergraduate degree at the University of Bristol and recently graduated. He did an internship in a small startup at the end of his third year where he assisted senior developers to build a tool that helped companies to track and manage their inventory. He has experience with Python, AWS, and unit testing."
Write code for a database for an online bicycle shop,Design a database system tailored for an internet-based bicycle retailer.,llms,0.6009274125099182,8.190757052088229e-155,0.9853470921516418,0.0,"John, a junior software engineer. He studied computer science for his undergraduate degree at the University of Bristol and recently graduated. He did an internship in a small startup at the end of his third year where he assisted senior developers to build a tool that helped companies to track and manage their inventory. He has experience with Python, AWS, and unit testing."
Write code for a database for an online bicycle shop,Implement a database solution to handle the inventory and sales processes for a bicycle e-commerce platform.,llms,0.7213875651359558,6.1773539527177615e-155,0.974264919757843,0.0,"John, a junior software engineer. He studied computer science for his undergraduate degree at the University of Bristol and recently graduated. He did an internship in a small startup at the end of his third year where he assisted senior developers to build a tool that helped companies to track and manage their inventory. He has experience with Python, AWS, and unit testing."
Write code for a database for an online bicycle shop,Develop a database schema to support an e-commerce platform dedicated to selling bicycles.,llms,0.5768988728523254,5.3448396730677054e-155,0.9800605177879333,0.0,"Brad, a principal software engineer at Amazon. He has 12 years of professional software development experience and has led large-scale projects in industry. Brad has knowledge of object-oriented design, data structures, and algorithms. He also has experience designing and building large-scale systems in a multi-tiered, distributed environment. In his current role at the Amazon Device Management Systems organisation, he works on device-authentication, device-registration, device profiles and account-linking and is now working to expand to Remote Key provisioning and Passkeys. "
Write code for a database for an online bicycle shop,Create a database design tailored for managing the inventory and sales processes of an online bicycle retail store.,llms,0.7264933586120605,2.8809483832030146e-78,0.9784826636314392,0.0,"Brad, a principal software engineer at Amazon. He has 12 years of professional software development experience and has led large-scale projects in industry. Brad has knowledge of object-oriented design, data structures, and algorithms. He also has experience designing and building large-scale systems in a multi-tiered, distributed environment. In his current role at the Amazon Device Management Systems organisation, he works on device-authentication, device-registration, device profiles and account-linking and is now working to expand to Remote Key provisioning and Passkeys. "
Write code for a database for an online bicycle shop,"Construct a database system that serves the needs of a digital bicycle shop, focusing on product listings and customer transactions.",llms,0.6637247800827026,5.411083286395516e-155,0.9757146835327148,0.0,"Brad, a principal software engineer at Amazon. He has 12 years of professional software development experience and has led large-scale projects in industry. Brad has knowledge of object-oriented design, data structures, and algorithms. He also has experience designing and building large-scale systems in a multi-tiered, distributed environment. In his current role at the Amazon Device Management Systems organisation, he works on device-authentication, device-registration, device profiles and account-linking and is now working to expand to Remote Key provisioning and Passkeys. "
Write code for a database for an online bicycle shop,"Implement a database architecture for an internet-based bicycle shop, ensuring efficient handling of inventory and customer data.",llms,0.6379294395446777,7.14469699963282e-155,0.9786785244941711,0.0,"Brad, a principal software engineer at Amazon. He has 12 years of professional software development experience and has led large-scale projects in industry. Brad has knowledge of object-oriented design, data structures, and algorithms. He also has experience designing and building large-scale systems in a multi-tiered, distributed environment. In his current role at the Amazon Device Management Systems organisation, he works on device-authentication, device-registration, device profiles and account-linking and is now working to expand to Remote Key provisioning and Passkeys. "
Write code for a database for an online bicycle shop,"Design a comprehensive database solution for an online bicycle marketplace, including features for tracking products, orders, and customer information.",llms,0.6162964105606079,0.11856660123276004,0.9738075733184814,0.1185666099190712,"Brad, a principal software engineer at Amazon. He has 12 years of professional software development experience and has led large-scale projects in industry. Brad has knowledge of object-oriented design, data structures, and algorithms. He also has experience designing and building large-scale systems in a multi-tiered, distributed environment. In his current role at the Amazon Device Management Systems organisation, he works on device-authentication, device-registration, device profiles and account-linking and is now working to expand to Remote Key provisioning and Passkeys. "
Write code for a database for an online bicycle shop,Create a program that manages a database for a website selling bicycles.,llms,0.658618688583374,3.28675562099495e-78,0.9856650233268738,0.0,"Harold, an English teacher who has never used a programming language. He understands how to use Excel and basic word processing on a computer but has no knowledge of data structures, programming, or computing concepts."
Write code for a database for an online bicycle shop,Develop a system for tracking information in a database dedicated to an online store for bicycles.,llms,0.8016419410705566,6.836365931062249e-155,0.988317608833313,0.0,"Harold, an English teacher who has never used a programming language. He understands how to use Excel and basic word processing on a computer but has no knowledge of data structures, programming, or computing concepts."
Write code for a database for an online bicycle shop,Design a database structure for an e-commerce platform that specializes in selling bicycles.,llms,0.5789684057235718,6.830096904817037e-155,0.9829121232032776,0.0,"Harold, an English teacher who has never used a programming language. He understands how to use Excel and basic word processing on a computer but has no knowledge of data structures, programming, or computing concepts."
Write code for a database for an online bicycle shop,Construct a program that organizes a database for a bicycle retail shop on the internet.,llms,0.8336589932441711,3.1569965207666664e-78,0.9845504760742188,0.0,"Harold, an English teacher who has never used a programming language. He understands how to use Excel and basic word processing on a computer but has no knowledge of data structures, programming, or computing concepts."
Write code for a database for an online bicycle shop,Set up a database to handle the inventory and sales for an online bicycle shop.,llms,0.7895368933677673,0.26332019392396333,0.9850491285324097,0.2633202075958252,"Harold, an English teacher who has never used a programming language. He understands how to use Excel and basic word processing on a computer but has no knowledge of data structures, programming, or computing concepts."
Write code to make a video streaming website,Create a web application that allows users to stream videos online.,llms,0.5263771414756775,1.1640469867513693e-231,0.983953595161438,0.0,"John, a junior software engineer. He studied computer science for his undergraduate degree at the University of Bristol and recently graduated. He did an internship in a small startup at the end of his third year where he assisted senior developers to build a tool that helped companies to track and manage their inventory. He has experience with Python, AWS, and unit testing."
Write code to make a video streaming website,Develop a platform for video streaming where users can watch their favorite content.,llms,0.6540336608886719,5.3448396730677054e-155,0.9807809591293335,0.0,"John, a junior software engineer. He studied computer science for his undergraduate degree at the University of Bristol and recently graduated. He did an internship in a small startup at the end of his third year where he assisted senior developers to build a tool that helped companies to track and manage their inventory. He has experience with Python, AWS, and unit testing."
Write code to make a video streaming website,Build a website that facilitates streaming video content to users.,llms,0.5147714614868164,1.4959003140449574e-231,0.9850906729698181,0.0,"John, a junior software engineer. He studied computer science for his undergraduate degree at the University of Bristol and recently graduated. He did an internship in a small startup at the end of his third year where he assisted senior developers to build a tool that helped companies to track and manage their inventory. He has experience with Python, AWS, and unit testing."
Write code to make a video streaming website,Implement a web-based service for streaming videos seamlessly.,llms,0.2883181571960449,1.2508498911928379e-231,0.9789853692054749,0.0,"John, a junior software engineer. He studied computer science for his undergraduate degree at the University of Bristol and recently graduated. He did an internship in a small startup at the end of his third year where he assisted senior developers to build a tool that helped companies to track and manage their inventory. He has experience with Python, AWS, and unit testing."
Write code to make a video streaming website,Construct an online video streaming site that provides access to a variety of videos.,llms,0.47743329405784607,5.541564466373977e-155,0.982025682926178,0.0,"John, a junior software engineer. He studied computer science for his undergraduate degree at the University of Bristol and recently graduated. He did an internship in a small startup at the end of his third year where he assisted senior developers to build a tool that helped companies to track and manage their inventory. He has experience with Python, AWS, and unit testing."
Write code to make a video streaming website,Create a web application that enables users to stream videos online.,llms,0.5302749872207642,1.1640469867513693e-231,0.9837731122970581,0.0,"Brad, a principal software engineer at Amazon. He has 12 years of professional software development experience and has led large-scale projects in industry. Brad has knowledge of object-oriented design, data structures, and algorithms. He also has experience designing and building large-scale systems in a multi-tiered, distributed environment. In his current role at the Amazon Device Management Systems organisation, he works on device-authentication, device-registration, device profiles and account-linking and is now working to expand to Remote Key provisioning and Passkeys. "
Write code to make a video streaming website,Develop a platform for live and on-demand video streaming services.,llms,0.4545166790485382,6.061838450024688e-155,0.9755469560623169,0.0,"Brad, a principal software engineer at Amazon. He has 12 years of professional software development experience and has led large-scale projects in industry. Brad has knowledge of object-oriented design, data structures, and algorithms. He also has experience designing and building large-scale systems in a multi-tiered, distributed environment. In his current role at the Amazon Device Management Systems organisation, he works on device-authentication, device-registration, device profiles and account-linking and is now working to expand to Remote Key provisioning and Passkeys. "
Write code to make a video streaming website,Build a website dedicated to video streaming functionality for users.,llms,0.6131377220153809,6.887578243315168e-155,0.9838307499885559,0.0,"Brad, a principal software engineer at Amazon. He has 12 years of professional software development experience and has led large-scale projects in industry. Brad has knowledge of object-oriented design, data structures, and algorithms. He also has experience designing and building large-scale systems in a multi-tiered, distributed environment. In his current role at the Amazon Device Management Systems organisation, he works on device-authentication, device-registration, device profiles and account-linking and is now working to expand to Remote Key provisioning and Passkeys. "
Write code to make a video streaming website,Construct a system that allows users to upload and access video content over the internet.,llms,0.6113300919532776,1.1988328686372911e-231,0.9746015667915344,0.0,"Brad, a principal software engineer at Amazon. He has 12 years of professional software development experience and has led large-scale projects in industry. Brad has knowledge of object-oriented design, data structures, and algorithms. He also has experience designing and building large-scale systems in a multi-tiered, distributed environment. In his current role at the Amazon Device Management Systems organisation, he works on device-authentication, device-registration, device profiles and account-linking and is now working to expand to Remote Key provisioning and Passkeys. "
Write code to make a video streaming website,Design an online portal where users can watch and interact with streaming video content.,llms,0.6054996848106384,1.1008876702055895e-231,0.9748650789260864,0.0,"Brad, a principal software engineer at Amazon. He has 12 years of professional software development experience and has led large-scale projects in industry. Brad has knowledge of object-oriented design, data structures, and algorithms. He also has experience designing and building large-scale systems in a multi-tiered, distributed environment. In his current role at the Amazon Device Management Systems organisation, he works on device-authentication, device-registration, device profiles and account-linking and is now working to expand to Remote Key provisioning and Passkeys. "
Write code to make a video streaming website,Create a program that builds a website for streaming videos.,llms,0.5244230628013611,1.3165594234639305e-231,0.9866845607757568,0.0,"Harold, an English teacher who has never used a programming language. He understands how to use Excel and basic word processing on a computer but has no knowledge of data structures, programming, or computing concepts."
Write code to make a video streaming website,Develop a site that allows users to watch videos online.,llms,0.5429794192314148,1.1896457329133973e-231,0.9819013476371765,0.0,"Harold, an English teacher who has never used a programming language. He understands how to use Excel and basic word processing on a computer but has no knowledge of data structures, programming, or computing concepts."
Write code to make a video streaming website,Construct a web application dedicated to video streaming services.,llms,0.5349149703979492,6.8489908526642754e-155,0.9821672439575195,0.0,"Harold, an English teacher who has never used a programming language. He understands how to use Excel and basic word processing on a computer but has no knowledge of data structures, programming, or computing concepts."
Write code to make a video streaming website,Design a platform where people can stream videos over the internet.,llms,0.46184518933296204,9.788429383461836e-232,0.9798722267150879,0.0,"Harold, an English teacher who has never used a programming language. He understands how to use Excel and basic word processing on a computer but has no knowledge of data structures, programming, or computing concepts."
Write code to make a video streaming website,Write software that enables the creation of a video streaming website.,llms,0.6058459281921387,0.22416933501922293,0.9870379567146301,0.22416932880878448,"Harold, an English teacher who has never used a programming language. He understands how to use Excel and basic word processing on a computer but has no knowledge of data structures, programming, or computing concepts."
Write code to generate accounting reports,Create a program that produces financial statements and summaries.,llms,0.3260003924369812,0.0,0.9718681573867798,0.0,"John, a junior software engineer. He studied computer science for his undergraduate degree at the University of Bristol and recently graduated. He did an internship in a small startup at the end of his third year where he assisted senior developers to build a tool that helped companies to track and manage their inventory. He has experience with Python, AWS, and unit testing."
Write code to generate accounting reports,Develop a script to compile and generate reports for accounting purposes.,llms,0.6163917779922485,1.384292958842266e-231,0.9846001267433167,0.0,"John, a junior software engineer. He studied computer science for his undergraduate degree at the University of Bristol and recently graduated. He did an internship in a small startup at the end of his third year where he assisted senior developers to build a tool that helped companies to track and manage their inventory. He has experience with Python, AWS, and unit testing."
Write code to generate accounting reports,Write a function that generates various financial reports for analysis.,llms,0.43496355414390564,1.1896457329133973e-231,0.9849779009819031,0.0,"John, a junior software engineer. He studied computer science for his undergraduate degree at the University of Bristol and recently graduated. He did an internship in a small startup at the end of his third year where he assisted senior developers to build a tool that helped companies to track and manage their inventory. He has experience with Python, AWS, and unit testing."
Write code to generate accounting reports,Implement code that creates accounting-related documentation and insights.,llms,0.38253432512283325,1.0518351895246305e-231,0.9804762005805969,0.0,"John, a junior software engineer. He studied computer science for his undergraduate degree at the University of Bristol and recently graduated. He did an internship in a small startup at the end of his third year where he assisted senior developers to build a tool that helped companies to track and manage their inventory. He has experience with Python, AWS, and unit testing."
Write code to generate accounting reports,Construct a tool that automates the generation of financial reporting metrics.,llms,0.2777411639690399,0.0,0.9803199172019958,0.0,"John, a junior software engineer. He studied computer science for his undergraduate degree at the University of Bristol and recently graduated. He did an internship in a small startup at the end of his third year where he assisted senior developers to build a tool that helped companies to track and manage their inventory. He has experience with Python, AWS, and unit testing."
Write code to generate accounting reports,Develop a program to create financial reports for accounting purposes.,llms,0.6856488585472107,1.3165594234639305e-231,0.9855204224586487,0.0,"Brad, a principal software engineer at Amazon. He has 12 years of professional software development experience and has led large-scale projects in industry. Brad has knowledge of object-oriented design, data structures, and algorithms. He also has experience designing and building large-scale systems in a multi-tiered, distributed environment. In his current role at the Amazon Device Management Systems organisation, he works on device-authentication, device-registration, device profiles and account-linking and is now working to expand to Remote Key provisioning and Passkeys. "
Write code to generate accounting reports,Construct code that produces detailed accounting statements.,llms,0.48088157176971436,1.2882297539194154e-231,0.983120858669281,0.0,"Brad, a principal software engineer at Amazon. He has 12 years of professional software development experience and has led large-scale projects in industry. Brad has knowledge of object-oriented design, data structures, and algorithms. He also has experience designing and building large-scale systems in a multi-tiered, distributed environment. In his current role at the Amazon Device Management Systems organisation, he works on device-authentication, device-registration, device profiles and account-linking and is now working to expand to Remote Key provisioning and Passkeys. "
Write code to generate accounting reports,Write a script that automates the generation of financial reports.,llms,0.2703200578689575,1.1896457329133973e-231,0.984455943107605,0.0,"Brad, a principal software engineer at Amazon. He has 12 years of professional software development experience and has led large-scale projects in industry. Brad has knowledge of object-oriented design, data structures, and algorithms. He also has experience designing and building large-scale systems in a multi-tiered, distributed environment. In his current role at the Amazon Device Management Systems organisation, he works on device-authentication, device-registration, device profiles and account-linking and is now working to expand to Remote Key provisioning and Passkeys. "
Write code to generate accounting reports,Implement a solution for generating comprehensive accounting summaries.,llms,0.4881893992424011,1.0518351895246305e-231,0.9786348938941956,0.0,"Brad, a principal software engineer at Amazon. He has 12 years of professional software development experience and has led large-scale projects in industry. Brad has knowledge of object-oriented design, data structures, and algorithms. He also has experience designing and building large-scale systems in a multi-tiered, distributed environment. In his current role at the Amazon Device Management Systems organisation, he works on device-authentication, device-registration, device profiles and account-linking and is now working to expand to Remote Key provisioning and Passkeys. "
Write code to generate accounting reports,Create a function that compiles and outputs accounting-related reports.,llms,0.34423965215682983,1.0244914152188952e-231,0.9761176109313965,0.0,"Brad, a principal software engineer at Amazon. He has 12 years of professional software development experience and has led large-scale projects in industry. Brad has knowledge of object-oriented design, data structures, and algorithms. He also has experience designing and building large-scale systems in a multi-tiered, distributed environment. In his current role at the Amazon Device Management Systems organisation, he works on device-authentication, device-registration, device profiles and account-linking and is now working to expand to Remote Key provisioning and Passkeys. "
Write code to generate accounting reports,Create a program that produces financial statements.,llms,0.39890438318252563,0.0,0.9790551662445068,0.0,"Harold, an English teacher who has never used a programming language. He understands how to use Excel and basic word processing on a computer but has no knowledge of data structures, programming, or computing concepts."
Write code to generate accounting reports,Develop code to compile reports for bookkeeping purposes.,llms,0.6791296601295471,6.7393716283177006e-155,0.9863994121551514,0.0,"Harold, an English teacher who has never used a programming language. He understands how to use Excel and basic word processing on a computer but has no knowledge of data structures, programming, or computing concepts."
Write code to generate accounting reports,Write a script that generates financial summaries.,llms,0.3675186336040497,1.0832677820940877e-231,0.9823526740074158,0.0,"Harold, an English teacher who has never used a programming language. He understands how to use Excel and basic word processing on a computer but has no knowledge of data structures, programming, or computing concepts."
Write code to generate accounting reports,Construct a program that outputs accounting documentation.,llms,0.4371927082538605,1.0832677820940877e-231,0.9824998378753662,0.0,"Harold, an English teacher who has never used a programming language. He understands how to use Excel and basic word processing on a computer but has no knowledge of data structures, programming, or computing concepts."
Write code to generate accounting reports,Design a solution to automate the creation of financial reports.,llms,0.41815704107284546,1.1896457329133973e-231,0.9839068055152893,0.0,"Harold, an English teacher who has never used a programming language. He understands how to use Excel and basic word processing on a computer but has no knowledge of data structures, programming, or computing concepts."
Write code to track user interactions across a website,Create a script to monitor and log user activity on a website.,llms,0.7534846663475037,5.969061643530969e-155,0.9806398153305054,0.0,"John, a junior software engineer. He studied computer science for his undergraduate degree at the University of Bristol and recently graduated. He did an internship in a small startup at the end of his third year where he assisted senior developers to build a tool that helped companies to track and manage their inventory. He has experience with Python, AWS, and unit testing."
Write code to track user interactions across a website,Develop a solution for recording user engagement throughout a web application.,llms,0.6737812161445618,1.1640469867513693e-231,0.980863094329834,0.0,"John, a junior software engineer. He studied computer science for his undergraduate degree at the University of Bristol and recently graduated. He did an internship in a small startup at the end of his third year where he assisted senior developers to build a tool that helped companies to track and manage their inventory. He has experience with Python, AWS, and unit testing."
Write code to track user interactions across a website,Implement code that captures and tracks user interactions within a website environment.,llms,0.664886474609375,7.505697654413981e-155,0.9782565832138062,0.0,"John, a junior software engineer. He studied computer science for his undergraduate degree at the University of Bristol and recently graduated. He did an internship in a small startup at the end of his third year where he assisted senior developers to build a tool that helped companies to track and manage their inventory. He has experience with Python, AWS, and unit testing."
Write code to track user interactions across a website,Design functionality to gather and analyze user behavior on a web platform.,llms,0.7671945691108704,1.2627076138080564e-231,0.9758588671684265,0.0,"John, a junior software engineer. He studied computer science for his undergraduate degree at the University of Bristol and recently graduated. He did an internship in a small startup at the end of his third year where he assisted senior developers to build a tool that helped companies to track and manage their inventory. He has experience with Python, AWS, and unit testing."
Write code to track user interactions across a website,Write a program to log and report on how users interact with various elements of a website.,llms,0.6100034713745117,5.0437883815744365e-155,0.9734354019165039,0.0,"John, a junior software engineer. He studied computer science for his undergraduate degree at the University of Bristol and recently graduated. He did an internship in a small startup at the end of his third year where he assisted senior developers to build a tool that helped companies to track and manage their inventory. He has experience with Python, AWS, and unit testing."
Write code to track user interactions across a website,Create a program that logs and analyzes user activity throughout a website.,llms,0.6282370090484619,5.554837769749797e-155,0.9731580018997192,0.0,"Brad, a principal software engineer at Amazon. He has 12 years of professional software development experience and has led large-scale projects in industry. Brad has knowledge of object-oriented design, data structures, and algorithms. He also has experience designing and building large-scale systems in a multi-tiered, distributed environment. In his current role at the Amazon Device Management Systems organisation, he works on device-authentication, device-registration, device profiles and account-linking and is now working to expand to Remote Key provisioning and Passkeys. "
Write code to track user interactions across a website,Develop a system to monitor and record user engagements on a web platform.,llms,0.7393457293510437,1.2395288183339461e-231,0.9791054725646973,0.0,"Brad, a principal software engineer at Amazon. He has 12 years of professional software development experience and has led large-scale projects in industry. Brad has knowledge of object-oriented design, data structures, and algorithms. He also has experience designing and building large-scale systems in a multi-tiered, distributed environment. In his current role at the Amazon Device Management Systems organisation, he works on device-authentication, device-registration, device profiles and account-linking and is now working to expand to Remote Key provisioning and Passkeys. "
Write code to track user interactions across a website,Implement functionality to capture and track user interactions within a website environment.,llms,0.8313173055648804,3.908633169762327e-78,0.9785430431365967,0.0,"Brad, a principal software engineer at Amazon. He has 12 years of professional software development experience and has led large-scale projects in industry. Brad has knowledge of object-oriented design, data structures, and algorithms. He also has experience designing and building large-scale systems in a multi-tiered, distributed environment. In his current role at the Amazon Device Management Systems organisation, he works on device-authentication, device-registration, device profiles and account-linking and is now working to expand to Remote Key provisioning and Passkeys. "
Write code to track user interactions across a website,Design a solution that follows and documents user behaviors across various sections of a website.,llms,0.5741790533065796,5.359624986283916e-155,0.9747581481933594,0.0,"Brad, a principal software engineer at Amazon. He has 12 years of professional software development experience and has led large-scale projects in industry. Brad has knowledge of object-oriented design, data structures, and algorithms. He also has experience designing and building large-scale systems in a multi-tiered, distributed environment. In his current role at the Amazon Device Management Systems organisation, he works on device-authentication, device-registration, device profiles and account-linking and is now working to expand to Remote Key provisioning and Passkeys. "
Write code to track user interactions across a website,Construct code that facilitates the tracking of user engagement metrics on a website.,llms,0.6799361705780029,5.74340400309589e-155,0.9831491708755493,0.0,"Brad, a principal software engineer at Amazon. He has 12 years of professional software development experience and has led large-scale projects in industry. Brad has knowledge of object-oriented design, data structures, and algorithms. He also has experience designing and building large-scale systems in a multi-tiered, distributed environment. In his current role at the Amazon Device Management Systems organisation, he works on device-authentication, device-registration, device profiles and account-linking and is now working to expand to Remote Key provisioning and Passkeys. "
Write code to track user interactions across a website,Create a program that records how users engage with different parts of a website.,llms,0.4828338921070099,4.65988169467104e-155,0.9779878854751587,0.0,"Harold, an English teacher who has never used a programming language. He understands how to use Excel and basic word processing on a computer but has no knowledge of data structures, programming, or computing concepts."
Write code to track user interactions across a website,Develop a piece of software to monitor and log visitor activities on a website.,llms,0.7457449436187744,5.157006819435075e-155,0.9776895046234131,0.0,"Harold, an English teacher who has never used a programming language. He understands how to use Excel and basic word processing on a computer but has no knowledge of data structures, programming, or computing concepts."
Write code to track user interactions across a website,Design a coding solution to observe and capture user interactions throughout a website.,llms,0.7778791785240173,7.221948193667952e-155,0.978399932384491,0.0,"Harold, an English teacher who has never used a programming language. He understands how to use Excel and basic word processing on a computer but has no knowledge of data structures, programming, or computing concepts."
Write code to track user interactions across a website,Write a script that follows and collects data on how users navigate and interact with a website.,llms,0.4052375555038452,4.693773976175812e-155,0.9701936841011047,0.0,"Harold, an English teacher who has never used a programming language. He understands how to use Excel and basic word processing on a computer but has no knowledge of data structures, programming, or computing concepts."
Write code to track user interactions across a website,Construct a code snippet that tracks and analyzes user behavior across various sections of a website.,llms,0.592008113861084,5.4925306713204074e-155,0.9746881723403931,0.0,"Harold, an English teacher who has never used a programming language. He understands how to use Excel and basic word processing on a computer but has no knowledge of data structures, programming, or computing concepts."
Write code to generate summaries of research papers using an LLM,Develop a program that utilizes a large language model to create concise summaries of academic research articles.,llms,0.7369630932807922,5.0437883815744365e-155,0.9788010120391846,0.0,"John, a junior software engineer. He studied computer science for his undergraduate degree at the University of Bristol and recently graduated. He did an internship in a small startup at the end of his third year where he assisted senior developers to build a tool that helped companies to track and manage their inventory. He has experience with Python, AWS, and unit testing."
Write code to generate summaries of research papers using an LLM,Create a script that leverages a language model to produce brief overviews of scholarly papers.,llms,0.7335454225540161,1.1988328686372911e-231,0.9747596383094788,0.0,"John, a junior software engineer. He studied computer science for his undergraduate degree at the University of Bristol and recently graduated. He did an internship in a small startup at the end of his third year where he assisted senior developers to build a tool that helped companies to track and manage their inventory. He has experience with Python, AWS, and unit testing."
Write code to generate summaries of research papers using an LLM,Write a piece of code to automate the summarization of research documents using a large language processing model.,llms,0.7836957573890686,6.455962524053653e-155,0.9804103374481201,0.0,"John, a junior software engineer. He studied computer science for his undergraduate degree at the University of Bristol and recently graduated. He did an internship in a small startup at the end of his third year where he assisted senior developers to build a tool that helped companies to track and manage their inventory. He has experience with Python, AWS, and unit testing."
Write code to generate summaries of research papers using an LLM,Construct a tool that employs an LLM to generate condensed summaries of scientific papers.,llms,0.7154971957206726,8.38826642100846e-155,0.9873690009117126,0.0,"John, a junior software engineer. He studied computer science for his undergraduate degree at the University of Bristol and recently graduated. He did an internship in a small startup at the end of his third year where he assisted senior developers to build a tool that helped companies to track and manage their inventory. He has experience with Python, AWS, and unit testing."
Write code to generate summaries of research papers using an LLM,Implement a solution that utilizes a language model to extract and summarize key points from research publications.,llms,0.6870448589324951,1.0518351895246305e-231,0.9686590433120728,0.0,"John, a junior software engineer. He studied computer science for his undergraduate degree at the University of Bristol and recently graduated. He did an internship in a small startup at the end of his third year where he assisted senior developers to build a tool that helped companies to track and manage their inventory. He has experience with Python, AWS, and unit testing."
Write code to generate summaries of research papers using an LLM,Develop a program that utilizes a language model to create concise summaries of academic articles.,llms,0.7631269693374634,4.987693055201041e-155,0.9800093173980713,0.0,"Brad, a principal software engineer at Amazon. He has 12 years of professional software development experience and has led large-scale projects in industry. Brad has knowledge of object-oriented design, data structures, and algorithms. He also has experience designing and building large-scale systems in a multi-tiered, distributed environment. In his current role at the Amazon Device Management Systems organisation, he works on device-authentication, device-registration, device profiles and account-linking and is now working to expand to Remote Key provisioning and Passkeys. "
Write code to generate summaries of research papers using an LLM,Construct a script to produce brief overviews of research documents using a language learning model.,llms,0.7939711213111877,5.359624986283916e-155,0.977799117565155,0.0,"Brad, a principal software engineer at Amazon. He has 12 years of professional software development experience and has led large-scale projects in industry. Brad has knowledge of object-oriented design, data structures, and algorithms. He also has experience designing and building large-scale systems in a multi-tiered, distributed environment. In his current role at the Amazon Device Management Systems organisation, he works on device-authentication, device-registration, device profiles and account-linking and is now working to expand to Remote Key provisioning and Passkeys. "
Write code to generate summaries of research papers using an LLM,Implement code that leverages a language model to generate summaries for scholarly papers.,llms,0.738630473613739,3.1770419500663857e-78,0.9795456528663635,0.0,"Brad, a principal software engineer at Amazon. He has 12 years of professional software development experience and has led large-scale projects in industry. Brad has knowledge of object-oriented design, data structures, and algorithms. He also has experience designing and building large-scale systems in a multi-tiered, distributed environment. In his current role at the Amazon Device Management Systems organisation, he works on device-authentication, device-registration, device profiles and account-linking and is now working to expand to Remote Key provisioning and Passkeys. "
Write code to generate summaries of research papers using an LLM,Create a solution that employs a language model to summarize research studies effectively.,llms,0.6703709363937378,1.1200407237786664e-231,0.9770367741584778,0.0,"Brad, a principal software engineer at Amazon. He has 12 years of professional software development experience and has led large-scale projects in industry. Brad has knowledge of object-oriented design, data structures, and algorithms. He also has experience designing and building large-scale systems in a multi-tiered, distributed environment. In his current role at the Amazon Device Management Systems organisation, he works on device-authentication, device-registration, device profiles and account-linking and is now working to expand to Remote Key provisioning and Passkeys. "
Write code to generate summaries of research papers using an LLM,Write a function that harnesses a language model to extract and condense key points from research papers.,llms,0.70879065990448,5.0437883815744365e-155,0.9689211845397949,0.0,"Brad, a principal software engineer at Amazon. He has 12 years of professional software development experience and has led large-scale projects in industry. Brad has knowledge of object-oriented design, data structures, and algorithms. He also has experience designing and building large-scale systems in a multi-tiered, distributed environment. In his current role at the Amazon Device Management Systems organisation, he works on device-authentication, device-registration, device profiles and account-linking and is now working to expand to Remote Key provisioning and Passkeys. "
Write code to generate summaries of research papers using an LLM,Create a program that produces concise summaries of academic articles utilizing a language model.,llms,0.7272890210151672,4.65988169467104e-155,0.9789952039718628,0.0,"Harold, an English teacher who has never used a programming language. He understands how to use Excel and basic word processing on a computer but has no knowledge of data structures, programming, or computing concepts."
Write code to generate summaries of research papers using an LLM,Develop a script that can summarize research studies by leveraging a language processing tool.,llms,0.6531787514686584,9.257324954728539e-232,0.9770540595054626,0.0,"Harold, an English teacher who has never used a programming language. He understands how to use Excel and basic word processing on a computer but has no knowledge of data structures, programming, or computing concepts."
Write code to generate summaries of research papers using an LLM,Construct a piece of code designed to generate brief overviews of scholarly papers using an advanced language model.,llms,0.7402199506759644,2.99414049262426e-78,0.9785977005958557,0.0,"Harold, an English teacher who has never used a programming language. He understands how to use Excel and basic word processing on a computer but has no knowledge of data structures, programming, or computing concepts."
Write code to generate summaries of research papers using an LLM,Write a software solution that automatically produces summaries of research documents with the help of a language learning model.,llms,0.7133773565292358,2.258627331321157e-78,0.9804556965827942,0.0,"Harold, an English teacher who has never used a programming language. He understands how to use Excel and basic word processing on a computer but has no knowledge of data structures, programming, or computing concepts."
Write code to generate summaries of research papers using an LLM,Design a coding application that summarizes research findings into concise formats using a language model.,llms,0.6996273994445801,1.0832677820940877e-231,0.9732454419136047,0.0,"Harold, an English teacher who has never used a programming language. He understands how to use Excel and basic word processing on a computer but has no knowledge of data structures, programming, or computing concepts."
Write code for a workout tracking app that can import data from other fitness apps,Create a fitness tracking application that allows users to import data from various other workout apps.,llms,0.7432304620742798,3.231681603406294e-78,0.9897089004516602,0.0,"John, a junior software engineer. He studied computer science for his undergraduate degree at the University of Bristol and recently graduated. He did an internship in a small startup at the end of his third year where he assisted senior developers to build a tool that helped companies to track and manage their inventory. He has experience with Python, AWS, and unit testing."
Write code for a workout tracking app that can import data from other fitness apps,Develop an application for tracking workouts that has the capability to integrate and retrieve data from different fitness applications.,llms,0.6288887858390808,5.287667392736108e-155,0.9777494668960571,0.0,"John, a junior software engineer. He studied computer science for his undergraduate degree at the University of Bristol and recently graduated. He did an internship in a small startup at the end of his third year where he assisted senior developers to build a tool that helped companies to track and manage their inventory. He has experience with Python, AWS, and unit testing."
Write code for a workout tracking app that can import data from other fitness apps,Write an application that manages workout data and enables the importation of information from other fitness tracking platforms.,llms,0.6499636173248291,2.797353469517208e-78,0.9814237356185913,0.0,"John, a junior software engineer. He studied computer science for his undergraduate degree at the University of Bristol and recently graduated. He did an internship in a small startup at the end of his third year where he assisted senior developers to build a tool that helped companies to track and manage their inventory. He has experience with Python, AWS, and unit testing."
Write code for a workout tracking app that can import data from other fitness apps,Design a workout monitoring app that supports data import from multiple existing fitness applications.,llms,0.7247973084449768,7.836955625110686e-155,0.9870376586914062,0.0,"John, a junior software engineer. He studied computer science for his undergraduate degree at the University of Bristol and recently graduated. He did an internship in a small startup at the end of his third year where he assisted senior developers to build a tool that helped companies to track and manage their inventory. He has experience with Python, AWS, and unit testing."
Write code for a workout tracking app that can import data from other fitness apps,Build a fitness tracker application that can pull and consolidate data from various other health and workout apps.,llms,0.6430177092552185,7.14469699963282e-155,0.9840312600135803,0.0,"John, a junior software engineer. He studied computer science for his undergraduate degree at the University of Bristol and recently graduated. He did an internship in a small startup at the end of his third year where he assisted senior developers to build a tool that helped companies to track and manage their inventory. He has experience with Python, AWS, and unit testing."
Write code for a workout tracking app that can import data from other fitness apps,Create a fitness application that allows users to import their workout data from various third-party health and fitness applications.,llms,0.6043301224708557,5.495419197520407e-155,0.9773550629615784,0.0,"Brad, a principal software engineer at Amazon. He has 12 years of professional software development experience and has led large-scale projects in industry. Brad has knowledge of object-oriented design, data structures, and algorithms. He also has experience designing and building large-scale systems in a multi-tiered, distributed environment. In his current role at the Amazon Device Management Systems organisation, he works on device-authentication, device-registration, device profiles and account-linking and is now working to expand to Remote Key provisioning and Passkeys. "
Write code for a workout tracking app that can import data from other fitness apps,Develop a workout tracking platform capable of integrating and synchronizing data from different fitness application sources.,llms,0.6451216340065002,3.1476699889714443e-78,0.976095974445343,0.0,"Brad, a principal software engineer at Amazon. He has 12 years of professional software development experience and has led large-scale projects in industry. Brad has knowledge of object-oriented design, data structures, and algorithms. He also has experience designing and building large-scale systems in a multi-tiered, distributed environment. In his current role at the Amazon Device Management Systems organisation, he works on device-authentication, device-registration, device profiles and account-linking and is now working to expand to Remote Key provisioning and Passkeys. "
Write code for a workout tracking app that can import data from other fitness apps,Construct a fitness tracking app designed to aggregate and import workout metrics from other exercise monitoring applications.,llms,0.6755773425102234,7.132993934962216e-155,0.9814598560333252,0.0,"Brad, a principal software engineer at Amazon. He has 12 years of professional software development experience and has led large-scale projects in industry. Brad has knowledge of object-oriented design, data structures, and algorithms. He also has experience designing and building large-scale systems in a multi-tiered, distributed environment. In his current role at the Amazon Device Management Systems organisation, he works on device-authentication, device-registration, device profiles and account-linking and is now working to expand to Remote Key provisioning and Passkeys. "
Write code for a workout tracking app that can import data from other fitness apps,Build a health and fitness application that provides functionality for users to fetch and consolidate workout data from various external fitness tools.,llms,0.6960927844047546,5.115747450649589e-155,0.9768407940864563,0.0,"Brad, a principal software engineer at Amazon. He has 12 years of professional software development experience and has led large-scale projects in industry. Brad has knowledge of object-oriented design, data structures, and algorithms. He also has experience designing and building large-scale systems in a multi-tiered, distributed environment. In his current role at the Amazon Device Management Systems organisation, he works on device-authentication, device-registration, device profiles and account-linking and is now working to expand to Remote Key provisioning and Passkeys. "
Write code for a workout tracking app that can import data from other fitness apps,Design a workout tracker that features the ability to import data from multiple existing fitness applications for a comprehensive analysis of physical activities.,llms,0.739215075969696,2.767152937577739e-78,0.9820257425308228,0.0,"Brad, a principal software engineer at Amazon. He has 12 years of professional software development experience and has led large-scale projects in industry. Brad has knowledge of object-oriented design, data structures, and algorithms. He also has experience designing and building large-scale systems in a multi-tiered, distributed environment. In his current role at the Amazon Device Management Systems organisation, he works on device-authentication, device-registration, device profiles and account-linking and is now working to expand to Remote Key provisioning and Passkeys. "
Write code for a workout tracking app that can import data from other fitness apps,Create a program for an application that allows users to track their workouts and enables them to bring in data from various fitness applications.,llms,0.5227669477462769,4.717068855239749e-155,0.9774796366691589,0.0,"Harold, an English teacher who has never used a programming language. He understands how to use Excel and basic word processing on a computer but has no knowledge of data structures, programming, or computing concepts."
Write code for a workout tracking app that can import data from other fitness apps,Develop a software solution that focuses on recording exercise activities and can incorporate information from other fitness tracking apps.,llms,0.6745014786720276,2.6859756925467676e-78,0.9845385551452637,0.0,"Harold, an English teacher who has never used a programming language. He understands how to use Excel and basic word processing on a computer but has no knowledge of data structures, programming, or computing concepts."
Write code for a workout tracking app that can import data from other fitness apps,Construct a workout tracking application that features the ability to gather and use data from other fitness-related applications.,llms,0.6112070679664612,3.826170841813515e-78,0.9788170456886292,0.0,"Harold, an English teacher who has never used a programming language. He understands how to use Excel and basic word processing on a computer but has no knowledge of data structures, programming, or computing concepts."
Write code for a workout tracking app that can import data from other fitness apps,Design a workout management app that can retrieve and utilize data from different fitness programs for better tracking.,llms,0.8155927658081055,3.51748576721047e-78,0.9856488108634949,0.0,"Harold, an English teacher who has never used a programming language. He understands how to use Excel and basic word processing on a computer but has no knowledge of data structures, programming, or computing concepts."
Write code for a workout tracking app that can import data from other fitness apps,Build an application meant for monitoring workouts which includes functionality to import activity data from several other fitness apps.,llms,0.706242561340332,2.874927559528803e-78,0.9855898022651672,0.0,"Harold, an English teacher who has never used a programming language. He understands how to use Excel and basic word processing on a computer but has no knowledge of data structures, programming, or computing concepts."
Write code to simulate multiple lifts operating in a skyscraper,Create a program that models the operation of several elevators within a tall building.,llms,0.6310096383094788,9.257324954728539e-232,0.9770157933235168,0.0,"John, a junior software engineer. He studied computer science for his undergraduate degree at the University of Bristol and recently graduated. He did an internship in a small startup at the end of his third year where he assisted senior developers to build a tool that helped companies to track and manage their inventory. He has experience with Python, AWS, and unit testing."
Write code to simulate multiple lifts operating in a skyscraper,Develop a simulation for managing multiple elevator systems in a high-rise structure.,llms,0.6081522703170776,5.554837769749797e-155,0.9806247353553772,0.0,"John, a junior software engineer. He studied computer science for his undergraduate degree at the University of Bristol and recently graduated. He did an internship in a small startup at the end of his third year where he assisted senior developers to build a tool that helped companies to track and manage their inventory. He has experience with Python, AWS, and unit testing."
Write code to simulate multiple lifts operating in a skyscraper,Implement code to emulate the functioning of numerous lifts in a skyscraper environment.,llms,0.7677882313728333,3.6799428630948515e-78,0.9849877953529358,0.0,"John, a junior software engineer. He studied computer science for his undergraduate degree at the University of Bristol and recently graduated. He did an internship in a small startup at the end of his third year where he assisted senior developers to build a tool that helped companies to track and manage their inventory. He has experience with Python, AWS, and unit testing."
Write code to simulate multiple lifts operating in a skyscraper,Design a software solution to represent the behavior of various elevators servicing a tall building.,llms,0.7482842803001404,1.0832677820940877e-231,0.976604700088501,0.0,"John, a junior software engineer. He studied computer science for his undergraduate degree at the University of Bristol and recently graduated. He did an internship in a small startup at the end of his third year where he assisted senior developers to build a tool that helped companies to track and manage their inventory. He has experience with Python, AWS, and unit testing."
Write code to simulate multiple lifts operating in a skyscraper,Write a script to illustrate the interactions of multiple lifts operating throughout a skyscraper.,llms,0.8499249815940857,3.6170146665513074e-78,0.9869753122329712,0.0,"John, a junior software engineer. He studied computer science for his undergraduate degree at the University of Bristol and recently graduated. He did an internship in a small startup at the end of his third year where he assisted senior developers to build a tool that helped companies to track and manage their inventory. He has experience with Python, AWS, and unit testing."
Write code to simulate multiple lifts operating in a skyscraper,Develop a program that models the operation of several elevators within a high-rise building.,llms,0.5823708772659302,9.257324954728539e-232,0.9759531021118164,0.0,"Brad, a principal software engineer at Amazon. He has 12 years of professional software development experience and has led large-scale projects in industry. Brad has knowledge of object-oriented design, data structures, and algorithms. He also has experience designing and building large-scale systems in a multi-tiered, distributed environment. In his current role at the Amazon Device Management Systems organisation, he works on device-authentication, device-registration, device profiles and account-linking and is now working to expand to Remote Key provisioning and Passkeys. "
Write code to simulate multiple lifts operating in a skyscraper,Create a simulation to represent the functioning of multiple lifts in a skyscraper environment.,llms,0.7430887818336487,3.480275084383042e-78,0.9860714673995972,0.0,"Brad, a principal software engineer at Amazon. He has 12 years of professional software development experience and has led large-scale projects in industry. Brad has knowledge of object-oriented design, data structures, and algorithms. He also has experience designing and building large-scale systems in a multi-tiered, distributed environment. In his current role at the Amazon Device Management Systems organisation, he works on device-authentication, device-registration, device profiles and account-linking and is now working to expand to Remote Key provisioning and Passkeys. "
Write code to simulate multiple lifts operating in a skyscraper,Implement code that simulates the behavior of numerous elevators serving various floors in a tall building.,llms,0.6641283631324768,4.83404070852666e-155,0.9755373597145081,0.0,"Brad, a principal software engineer at Amazon. He has 12 years of professional software development experience and has led large-scale projects in industry. Brad has knowledge of object-oriented design, data structures, and algorithms. He also has experience designing and building large-scale systems in a multi-tiered, distributed environment. In his current role at the Amazon Device Management Systems organisation, he works on device-authentication, device-registration, device profiles and account-linking and is now working to expand to Remote Key provisioning and Passkeys. "
Write code to simulate multiple lifts operating in a skyscraper,Construct a system that mimics the operation of various lifts operating in a vertical structure like a skyscraper.,llms,0.7002872228622437,0.14400124446705304,0.9817814230918884,0.14400124549865723,"Brad, a principal software engineer at Amazon. He has 12 years of professional software development experience and has led large-scale projects in industry. Brad has knowledge of object-oriented design, data structures, and algorithms. He also has experience designing and building large-scale systems in a multi-tiered, distributed environment. In his current role at the Amazon Device Management Systems organisation, he works on device-authentication, device-registration, device profiles and account-linking and is now working to expand to Remote Key provisioning and Passkeys. "
Write code to simulate multiple lifts operating in a skyscraper,Design a simulation for coordinating and managing multiple elevators in a multi-story building setting.,llms,0.5709470510482788,5.157006819435075e-155,0.9712503552436829,0.0,"Brad, a principal software engineer at Amazon. He has 12 years of professional software development experience and has led large-scale projects in industry. Brad has knowledge of object-oriented design, data structures, and algorithms. He also has experience designing and building large-scale systems in a multi-tiered, distributed environment. In his current role at the Amazon Device Management Systems organisation, he works on device-authentication, device-registration, device profiles and account-linking and is now working to expand to Remote Key provisioning and Passkeys. "
Write code to simulate multiple lifts operating in a skyscraper,Create a program that mimics the functioning of several elevators in a tall building.,llms,0.6062403321266174,4.65988169467104e-155,0.9767717719078064,0.0,"Harold, an English teacher who has never used a programming language. He understands how to use Excel and basic word processing on a computer but has no knowledge of data structures, programming, or computing concepts."
Write code to simulate multiple lifts operating in a skyscraper,Develop a script to represent multiple elevators working within a skyscraper environment.,llms,0.8215880990028381,5.969061643530969e-155,0.9846658110618591,0.0,"Harold, an English teacher who has never used a programming language. He understands how to use Excel and basic word processing on a computer but has no knowledge of data structures, programming, or computing concepts."
Write code to simulate multiple lifts operating in a skyscraper,Construct code that simulates the operation of various lifts in a high-rise structure.,llms,0.5462753176689148,5.74340400309589e-155,0.9789605140686035,0.0,"Harold, an English teacher who has never used a programming language. He understands how to use Excel and basic word processing on a computer but has no knowledge of data structures, programming, or computing concepts."
Write code to simulate multiple lifts operating in a skyscraper,Design a piece of software to model how different elevators would operate in a large tower.,llms,0.7217026948928833,4.83404070852666e-155,0.9794116020202637,0.0,"Harold, an English teacher who has never used a programming language. He understands how to use Excel and basic word processing on a computer but has no knowledge of data structures, programming, or computing concepts."
Write code to simulate multiple lifts operating in a skyscraper,Write a set of instructions to depict several lifts functioning simultaneously in a skyscraper setting.,llms,0.8350829482078552,2.9857029691673486e-78,0.9863778948783875,0.0,"Harold, an English teacher who has never used a programming language. He understands how to use Excel and basic word processing on a computer but has no knowledge of data structures, programming, or computing concepts."
Write code to implement a controller system for a network of ATMs,Create a software module to manage and coordinate a network of ATM machines.,llms,0.6993568539619446,3.1770419500663857e-78,0.9830178022384644,0.0,"John, a junior software engineer. He studied computer science for his undergraduate degree at the University of Bristol and recently graduated. He did an internship in a small startup at the end of his third year where he assisted senior developers to build a tool that helped companies to track and manage their inventory. He has experience with Python, AWS, and unit testing."
Write code to implement a controller system for a network of ATMs,"Develop code that serves as the controller for multiple ATMs, ensuring efficient operation and management.",llms,0.5749984383583069,1.268852357850863e-231,0.977099597454071,0.0,"John, a junior software engineer. He studied computer science for his undergraduate degree at the University of Bristol and recently graduated. He did an internship in a small startup at the end of his third year where he assisted senior developers to build a tool that helped companies to track and manage their inventory. He has experience with Python, AWS, and unit testing."
Write code to implement a controller system for a network of ATMs,Implement a system to oversee and regulate the functionalities of a network of automated teller machines.,llms,0.7759648561477661,3.271341557643298e-78,0.9731177091598511,0.0,"John, a junior software engineer. He studied computer science for his undergraduate degree at the University of Bristol and recently graduated. He did an internship in a small startup at the end of his third year where he assisted senior developers to build a tool that helped companies to track and manage their inventory. He has experience with Python, AWS, and unit testing."
Write code to implement a controller system for a network of ATMs,Build a controller application to handle interactions and communications within a group of ATMs.,llms,0.7370596528053284,7.293108985295422e-155,0.9784432053565979,0.0,"John, a junior software engineer. He studied computer science for his undergraduate degree at the University of Bristol and recently graduated. He did an internship in a small startup at the end of his third year where he assisted senior developers to build a tool that helped companies to track and manage their inventory. He has experience with Python, AWS, and unit testing."
Write code to implement a controller system for a network of ATMs,"Write a program to control and monitor a series of ATMs, facilitating their operational processes.",llms,0.6147646307945251,5.74867560479262e-155,0.9772728085517883,0.0,"John, a junior software engineer. He studied computer science for his undergraduate degree at the University of Bristol and recently graduated. He did an internship in a small startup at the end of his third year where he assisted senior developers to build a tool that helped companies to track and manage their inventory. He has experience with Python, AWS, and unit testing."
Write code to implement a controller system for a network of ATMs,Develop a control system to manage a network of automated teller machines (ATMs).,llms,0.6860353350639343,3.103010873451748e-78,0.9767907857894897,0.0,"Brad, a principal software engineer at Amazon. He has 12 years of professional software development experience and has led large-scale projects in industry. Brad has knowledge of object-oriented design, data structures, and algorithms. He also has experience designing and building large-scale systems in a multi-tiered, distributed environment. In his current role at the Amazon Device Management Systems organisation, he works on device-authentication, device-registration, device profiles and account-linking and is now working to expand to Remote Key provisioning and Passkeys. "
Write code to implement a controller system for a network of ATMs,Create software that operates as a controller for a distributed network of ATMs.,llms,0.7455846667289734,4.1097221129325703e-78,0.9865384697914124,0.0,"Brad, a principal software engineer at Amazon. He has 12 years of professional software development experience and has led large-scale projects in industry. Brad has knowledge of object-oriented design, data structures, and algorithms. He also has experience designing and building large-scale systems in a multi-tiered, distributed environment. In his current role at the Amazon Device Management Systems organisation, he works on device-authentication, device-registration, device profiles and account-linking and is now working to expand to Remote Key provisioning and Passkeys. "
Write code to implement a controller system for a network of ATMs,Implement a management solution for overseeing the operations of multiple ATMs in a networked environment.,llms,0.7758365273475647,5.931400068694656e-155,0.9814070463180542,0.0,"Brad, a principal software engineer at Amazon. He has 12 years of professional software development experience and has led large-scale projects in industry. Brad has knowledge of object-oriented design, data structures, and algorithms. He also has experience designing and building large-scale systems in a multi-tiered, distributed environment. In his current role at the Amazon Device Management Systems organisation, he works on device-authentication, device-registration, device profiles and account-linking and is now working to expand to Remote Key provisioning and Passkeys. "
Write code to implement a controller system for a network of ATMs,Design a system to facilitate the coordination and control of various ATMs within a network.,llms,0.7736539840698242,6.164444051541174e-155,0.98106849193573,0.0,"Brad, a principal software engineer at Amazon. He has 12 years of professional software development experience and has led large-scale projects in industry. Brad has knowledge of object-oriented design, data structures, and algorithms. He also has experience designing and building large-scale systems in a multi-tiered, distributed environment. In his current role at the Amazon Device Management Systems organisation, he works on device-authentication, device-registration, device profiles and account-linking and is now working to expand to Remote Key provisioning and Passkeys. "
Write code to implement a controller system for a network of ATMs,Construct a centralized controller that handles the functionalities of a network comprising several ATMs.,llms,0.6284470558166504,6.13274920178966e-155,0.981131911277771,0.0,"Brad, a principal software engineer at Amazon. He has 12 years of professional software development experience and has led large-scale projects in industry. Brad has knowledge of object-oriented design, data structures, and algorithms. He also has experience designing and building large-scale systems in a multi-tiered, distributed environment. In his current role at the Amazon Device Management Systems organisation, he works on device-authentication, device-registration, device profiles and account-linking and is now working to expand to Remote Key provisioning and Passkeys. "
Write code to implement a controller system for a network of ATMs,Create a program to manage a system that connects multiple ATMs.,llms,0.6405532956123352,1.4637115948630222e-231,0.983751654624939,0.0,"Harold, an English teacher who has never used a programming language. He understands how to use Excel and basic word processing on a computer but has no knowledge of data structures, programming, or computing concepts."
Write code to implement a controller system for a network of ATMs,Develop software to oversee and regulate a network of automatic teller machines.,llms,0.6943199634552002,3.191385619211647e-78,0.9762718081474304,0.0,"Harold, an English teacher who has never used a programming language. He understands how to use Excel and basic word processing on a computer but has no knowledge of data structures, programming, or computing concepts."
Write code to implement a controller system for a network of ATMs,Write a set of instructions for controlling a group of ATMs working together.,llms,0.6565876603126526,6.356121367760845e-155,0.9838517904281616,0.0,"Harold, an English teacher who has never used a programming language. He understands how to use Excel and basic word processing on a computer but has no knowledge of data structures, programming, or computing concepts."
Write code to implement a controller system for a network of ATMs,Design a digital system that coordinates the operations of several ATMs.,llms,0.5518049001693726,1.384292958842266e-231,0.9829614162445068,0.0,"Harold, an English teacher who has never used a programming language. He understands how to use Excel and basic word processing on a computer but has no knowledge of data structures, programming, or computing concepts."
Write code to implement a controller system for a network of ATMs,Build an application to facilitate the management of a network of cash machines.,llms,0.8140126466751099,3.00466076572634e-78,0.9859145283699036,0.0,"Harold, an English teacher who has never used a programming language. He understands how to use Excel and basic word processing on a computer but has no knowledge of data structures, programming, or computing concepts."
Write code for a three-player game of Tetris,Create a program for a Tetris game that accommodates three players simultaneously.,llms,0.4851590096950531,5.969061643530969e-155,0.986900269985199,0.0,"John, a junior software engineer. He studied computer science for his undergraduate degree at the University of Bristol and recently graduated. He did an internship in a small startup at the end of his third year where he assisted senior developers to build a tool that helped companies to track and manage their inventory. He has experience with Python, AWS, and unit testing."
Write code for a three-player game of Tetris,Develop code to enable a multiplayer Tetris experience for three participants.,llms,0.5224698185920715,1.384292958842266e-231,0.9861562252044678,0.0,"John, a junior software engineer. He studied computer science for his undergraduate degree at the University of Bristol and recently graduated. He did an internship in a small startup at the end of his third year where he assisted senior developers to build a tool that helped companies to track and manage their inventory. He has experience with Python, AWS, and unit testing."
Write code for a three-player game of Tetris,Implement a Tetris game that allows three players to compete against each other.,llms,0.37837862968444824,1.2395288183339461e-231,0.9803532361984253,0.0,"John, a junior software engineer. He studied computer science for his undergraduate degree at the University of Bristol and recently graduated. He did an internship in a small startup at the end of his third year where he assisted senior developers to build a tool that helped companies to track and manage their inventory. He has experience with Python, AWS, and unit testing."
Write code for a three-player game of Tetris,Write a script to set up a three-player version of the classic Tetris game.,llms,0.758479654788971,6.13274920178966e-155,0.9905605316162109,0.0,"John, a junior software engineer. He studied computer science for his undergraduate degree at the University of Bristol and recently graduated. He did an internship in a small startup at the end of his third year where he assisted senior developers to build a tool that helped companies to track and manage their inventory. He has experience with Python, AWS, and unit testing."
Write code for a three-player game of Tetris,Construct a three-player Tetris game using appropriate coding techniques.,llms,0.6318777203559875,6.8489908526642754e-155,0.9889862537384033,0.0,"John, a junior software engineer. He studied computer science for his undergraduate degree at the University of Bristol and recently graduated. He did an internship in a small startup at the end of his third year where he assisted senior developers to build a tool that helped companies to track and manage their inventory. He has experience with Python, AWS, and unit testing."
Write code for a three-player game of Tetris,Create a program that implements a multiplayer Tetris game designed for three participants.,llms,0.5262723565101624,1.331960397810445e-231,0.985936164855957,0.0,"Brad, a principal software engineer at Amazon. He has 12 years of professional software development experience and has led large-scale projects in industry. Brad has knowledge of object-oriented design, data structures, and algorithms. He also has experience designing and building large-scale systems in a multi-tiered, distributed environment. In his current role at the Amazon Device Management Systems organisation, he works on device-authentication, device-registration, device profiles and account-linking and is now working to expand to Remote Key provisioning and Passkeys. "
Write code for a three-player game of Tetris,Develop code to facilitate a three-player version of the classic Tetris game.,llms,0.7958388328552246,6.60585259847259e-155,0.9911856651306152,0.0,"Brad, a principal software engineer at Amazon. He has 12 years of professional software development experience and has led large-scale projects in industry. Brad has knowledge of object-oriented design, data structures, and algorithms. He also has experience designing and building large-scale systems in a multi-tiered, distributed environment. In his current role at the Amazon Device Management Systems organisation, he works on device-authentication, device-registration, device profiles and account-linking and is now working to expand to Remote Key provisioning and Passkeys. "
Write code for a three-player game of Tetris,Construct a three-person Tetris game within a programming environment.,llms,0.7187698483467102,1.3483065280626046e-231,0.9870448708534241,0.0,"Brad, a principal software engineer at Amazon. He has 12 years of professional software development experience and has led large-scale projects in industry. Brad has knowledge of object-oriented design, data structures, and algorithms. He also has experience designing and building large-scale systems in a multi-tiered, distributed environment. In his current role at the Amazon Device Management Systems organisation, he works on device-authentication, device-registration, device profiles and account-linking and is now working to expand to Remote Key provisioning and Passkeys. "
Write code for a three-player game of Tetris,Implement a Tetris game that supports simultaneous play for three players.,llms,0.4839404225349426,1.384292958842266e-231,0.9851257801055908,0.0,"Brad, a principal software engineer at Amazon. He has 12 years of professional software development experience and has led large-scale projects in industry. Brad has knowledge of object-oriented design, data structures, and algorithms. He also has experience designing and building large-scale systems in a multi-tiered, distributed environment. In his current role at the Amazon Device Management Systems organisation, he works on device-authentication, device-registration, device profiles and account-linking and is now working to expand to Remote Key provisioning and Passkeys. "
Write code for a three-player game of Tetris,Write a script for a Tetris game where three users can compete against each other.,llms,0.5833998918533325,5.667113443314699e-155,0.9827561974525452,0.0,"Brad, a principal software engineer at Amazon. He has 12 years of professional software development experience and has led large-scale projects in industry. Brad has knowledge of object-oriented design, data structures, and algorithms. He also has experience designing and building large-scale systems in a multi-tiered, distributed environment. In his current role at the Amazon Device Management Systems organisation, he works on device-authentication, device-registration, device profiles and account-linking and is now working to expand to Remote Key provisioning and Passkeys. "
Write code for a three-player game of Tetris,Create a program that allows three players to compete in a game of Tetris.,llms,0.4684227406978607,2.841632707086713e-78,0.9881250858306885,0.0,"Harold, an English teacher who has never used a programming language. He understands how to use Excel and basic word processing on a computer but has no knowledge of data structures, programming, or computing concepts."
Write code for a three-player game of Tetris,Develop a code for a Tetris game designed for three participants to play simultaneously.,llms,0.5572221279144287,3.00466076572634e-78,0.9891080260276794,0.0,"Harold, an English teacher who has never used a programming language. He understands how to use Excel and basic word processing on a computer but has no knowledge of data structures, programming, or computing concepts."
Write code for a three-player game of Tetris,Construct a script that enables three players to enjoy a game of Tetris together.,llms,0.3645316958427429,2.841632707086713e-78,0.9883777499198914,0.0,"Harold, an English teacher who has never used a programming language. He understands how to use Excel and basic word processing on a computer but has no knowledge of data structures, programming, or computing concepts."
Write code for a three-player game of Tetris,Write a set of instructions for a Tetris game that accommodates three players.,llms,0.5473007559776306,6.356121367760845e-155,0.987924337387085,0.0,"Harold, an English teacher who has never used a programming language. He understands how to use Excel and basic word processing on a computer but has no knowledge of data structures, programming, or computing concepts."
Write code for a three-player game of Tetris,Design coding that facilitates a three-player version of the classic game Tetris.,llms,0.6806081533432007,6.311514251575017e-155,0.9889099597930908,0.0,"Harold, an English teacher who has never used a programming language. He understands how to use Excel and basic word processing on a computer but has no knowledge of data structures, programming, or computing concepts."
Write code to evaluate a chess position,Create a program that analyzes a given chess position for strengths and weaknesses.,llms,0.5315647721290588,5.3448396730677054e-155,0.9726253151893616,0.0,"John, a junior software engineer. He studied computer science for his undergraduate degree at the University of Bristol and recently graduated. He did an internship in a small startup at the end of his third year where he assisted senior developers to build a tool that helped companies to track and manage their inventory. He has experience with Python, AWS, and unit testing."
Write code to evaluate a chess position,Develop a function to assess the current state of a chess game.,llms,0.7664887309074402,5.554837769749797e-155,0.9826595783233643,0.0,"John, a junior software engineer. He studied computer science for his undergraduate degree at the University of Bristol and recently graduated. He did an internship in a small startup at the end of his third year where he assisted senior developers to build a tool that helped companies to track and manage their inventory. He has experience with Python, AWS, and unit testing."
Write code to evaluate a chess position,Write a script to evaluate the tactical and strategic advantages in a specific chess setup.,llms,0.5954733490943909,5.667113443314699e-155,0.9824165105819702,0.0,"John, a junior software engineer. He studied computer science for his undergraduate degree at the University of Bristol and recently graduated. He did an internship in a small startup at the end of his third year where he assisted senior developers to build a tool that helped companies to track and manage their inventory. He has experience with Python, AWS, and unit testing."
Write code to evaluate a chess position,Construct code that determines the viability of moves from the present configuration of a chessboard.,llms,0.4585937559604645,1.0832677820940877e-231,0.9777193665504456,0.0,"John, a junior software engineer. He studied computer science for his undergraduate degree at the University of Bristol and recently graduated. He did an internship in a small startup at the end of his third year where he assisted senior developers to build a tool that helped companies to track and manage their inventory. He has experience with Python, AWS, and unit testing."
Write code to evaluate a chess position,Implement a solution to assess and score a chess position based on potential outcomes.,llms,0.6595259308815002,2.841632707086713e-78,0.9789184331893921,0.0,"John, a junior software engineer. He studied computer science for his undergraduate degree at the University of Bristol and recently graduated. He did an internship in a small startup at the end of his third year where he assisted senior developers to build a tool that helped companies to track and manage their inventory. He has experience with Python, AWS, and unit testing."
Write code to evaluate a chess position,Develop a program that analyzes a given chess position and provides an evaluation.,llms,0.6386334300041199,5.3448396730677054e-155,0.9766629934310913,0.0,"Brad, a principal software engineer at Amazon. He has 12 years of professional software development experience and has led large-scale projects in industry. Brad has knowledge of object-oriented design, data structures, and algorithms. He also has experience designing and building large-scale systems in a multi-tiered, distributed environment. In his current role at the Amazon Device Management Systems organisation, he works on device-authentication, device-registration, device profiles and account-linking and is now working to expand to Remote Key provisioning and Passkeys. "
Write code to evaluate a chess position,Create a function to assess the state of a chessboard and output its evaluation.,llms,0.7134671807289124,1.1008876702055895e-231,0.9771020412445068,0.0,"Brad, a principal software engineer at Amazon. He has 12 years of professional software development experience and has led large-scale projects in industry. Brad has knowledge of object-oriented design, data structures, and algorithms. He also has experience designing and building large-scale systems in a multi-tiered, distributed environment. In his current role at the Amazon Device Management Systems organisation, he works on device-authentication, device-registration, device profiles and account-linking and is now working to expand to Remote Key provisioning and Passkeys. "
Write code to evaluate a chess position,Implement a solution that determines the value of a specific chess configuration.,llms,0.5524173378944397,1.1409851298103347e-231,0.9760891795158386,0.0,"Brad, a principal software engineer at Amazon. He has 12 years of professional software development experience and has led large-scale projects in industry. Brad has knowledge of object-oriented design, data structures, and algorithms. He also has experience designing and building large-scale systems in a multi-tiered, distributed environment. In his current role at the Amazon Device Management Systems organisation, he works on device-authentication, device-registration, device profiles and account-linking and is now working to expand to Remote Key provisioning and Passkeys. "
Write code to evaluate a chess position,Write a script to assess and provide insights on the current position in a chess game.,llms,0.7308254837989807,5.4925306713204074e-155,0.9794455766677856,0.0,"Brad, a principal software engineer at Amazon. He has 12 years of professional software development experience and has led large-scale projects in industry. Brad has knowledge of object-oriented design, data structures, and algorithms. He also has experience designing and building large-scale systems in a multi-tiered, distributed environment. In his current role at the Amazon Device Management Systems organisation, he works on device-authentication, device-registration, device profiles and account-linking and is now working to expand to Remote Key provisioning and Passkeys. "
Write code to evaluate a chess position,Construct an algorithm that evaluates the strategic merit of a defined chess arrangement.,llms,0.49369943141937256,1.1200407237786664e-231,0.9789353609085083,0.0,"Brad, a principal software engineer at Amazon. He has 12 years of professional software development experience and has led large-scale projects in industry. Brad has knowledge of object-oriented design, data structures, and algorithms. He also has experience designing and building large-scale systems in a multi-tiered, distributed environment. In his current role at the Amazon Device Management Systems organisation, he works on device-authentication, device-registration, device profiles and account-linking and is now working to expand to Remote Key provisioning and Passkeys. "
Write code to evaluate a chess position,Create a program that assesses the situation on a chess board.,llms,0.6289165019989014,5.233427736988301e-155,0.9808083772659302,0.0,"Harold, an English teacher who has never used a programming language. He understands how to use Excel and basic word processing on a computer but has no knowledge of data structures, programming, or computing concepts."
Write code to evaluate a chess position,Develop a function to analyze a current chess game position.,llms,0.8080434203147888,1.4147351699132998e-231,0.9880895614624023,0.0,"Harold, an English teacher who has never used a programming language. He understands how to use Excel and basic word processing on a computer but has no knowledge of data structures, programming, or computing concepts."
Write code to evaluate a chess position,Write a script that examines the layout of pieces in a chess match.,llms,0.6110950708389282,5.3448396730677054e-155,0.9833458065986633,0.0,"Harold, an English teacher who has never used a programming language. He understands how to use Excel and basic word processing on a computer but has no knowledge of data structures, programming, or computing concepts."
Write code to evaluate a chess position,Generate code to determine the state of play in a chess configuration.,llms,0.80181884765625,7.098450576376767e-155,0.9836273789405823,0.0,"Harold, an English teacher who has never used a programming language. He understands how to use Excel and basic word processing on a computer but has no knowledge of data structures, programming, or computing concepts."
Write code to evaluate a chess position,Build a tool to evaluate how the chess pieces are arranged in the game.,llms,0.7468052506446838,5.541564466373977e-155,0.9833917617797852,0.0,"Harold, an English teacher who has never used a programming language. He understands how to use Excel and basic word processing on a computer but has no knowledge of data structures, programming, or computing concepts."
"Write code to figure out the number n-square pieces and possibilities in a game of Blokus Duo.  The pieces are all the possible combinations of 1x1 square blocks joined together, up to 5 pieces, but cancelling out any symmetries, as the pieces can be flipped and rotated by the players. There is 1 piece that has 1 square (simple 1x1), 1 piece that has 2 squares (simple 1x2), 2 pieces that have 3 squares (1x3 rectangle, and a corner), etc.","Create a program that calculates the number of unique n-square shapes and their configurations in the game of Blokus Duo. The shapes consist of all combinations of connected 1x1 square units, ranging from one to five squares, while considering that pieces can be rotated or flipped, which eliminates symmetrical duplicates. Examples include one 1x1 square, one 1x2 shape consisting of two squares, and two different 3-square formations: a 1x3 rectangle and a corner piece.",llms,0.7665914297103882,0.10827158604302606,0.9716833829879761,0.10919158905744553,"John, a junior software engineer. He studied computer science for his undergraduate degree at the University of Bristol and recently graduated. He did an internship in a small startup at the end of his third year where he assisted senior developers to build a tool that helped companies to track and manage their inventory. He has experience with Python, AWS, and unit testing."
"Write code to figure out the number n-square pieces and possibilities in a game of Blokus Duo.  The pieces are all the possible combinations of 1x1 square blocks joined together, up to 5 pieces, but cancelling out any symmetries, as the pieces can be flipped and rotated by the players. There is 1 piece that has 1 square (simple 1x1), 1 piece that has 2 squares (simple 1x2), 2 pieces that have 3 squares (1x3 rectangle, and a corner), etc.","Develop a code snippet to determine the quantity and variations of n-square pieces in Blokus Duo. The pieces represent all configurations of 1x1 squares grouped together, up to five squares, while removing any symmetrical duplicates resulting from rotations or flips. This includes a single 1-square piece, a 2-square piece in a line, as well as two unique shapes composed of three squares: a straight line and a corner piece.",llms,0.7571144700050354,0.09845960221162128,0.9699026346206665,0.10216943919658661,"John, a junior software engineer. He studied computer science for his undergraduate degree at the University of Bristol and recently graduated. He did an internship in a small startup at the end of his third year where he assisted senior developers to build a tool that helped companies to track and manage their inventory. He has experience with Python, AWS, and unit testing."
"Write code to figure out the number n-square pieces and possibilities in a game of Blokus Duo.  The pieces are all the possible combinations of 1x1 square blocks joined together, up to 5 pieces, but cancelling out any symmetries, as the pieces can be flipped and rotated by the players. There is 1 piece that has 1 square (simple 1x1), 1 piece that has 2 squares (simple 1x2), 2 pieces that have 3 squares (1x3 rectangle, and a corner), etc.","Write a program to identify the number of distinct n-square configurations and their variations in the game Blokus Duo. These configurations are built from interconnected 1x1 squares, extending to five squares total, while ignoring symmetrical variations due to flipping or rotation. For instance, there should be one 1x1 square, a single 1x2 piece, and two 3-square pieces: one in a line and another as a corner.",llms,0.7440404295921326,1.4775769286232108e-78,0.9693888425827026,0.0,"John, a junior software engineer. He studied computer science for his undergraduate degree at the University of Bristol and recently graduated. He did an internship in a small startup at the end of his third year where he assisted senior developers to build a tool that helped companies to track and manage their inventory. He has experience with Python, AWS, and unit testing."
"Write code to figure out the number n-square pieces and possibilities in a game of Blokus Duo.  The pieces are all the possible combinations of 1x1 square blocks joined together, up to 5 pieces, but cancelling out any symmetries, as the pieces can be flipped and rotated by the players. There is 1 piece that has 1 square (simple 1x1), 1 piece that has 2 squares (simple 1x2), 2 pieces that have 3 squares (1x3 rectangle, and a corner), etc.","Construct a piece of code that calculates the total n-square combinations and their variations in Blokus Duo. The pieces are formed by connecting 1x1 squares, with a maximum of five squares, while accounting for the removal of symmetrical pieces from rotations and flips. This encompasses one piece with 1 square, one with 2 squares in a straight line, and two configurations for 3 squares—a 1x3 rectangle and a corner shape.",llms,0.7731341123580933,0.09779381154567966,0.9701216816902161,0.09533891081809998,"John, a junior software engineer. He studied computer science for his undergraduate degree at the University of Bristol and recently graduated. He did an internship in a small startup at the end of his third year where he assisted senior developers to build a tool that helped companies to track and manage their inventory. He has experience with Python, AWS, and unit testing."
"Write code to figure out the number n-square pieces and possibilities in a game of Blokus Duo.  The pieces are all the possible combinations of 1x1 square blocks joined together, up to 5 pieces, but cancelling out any symmetries, as the pieces can be flipped and rotated by the players. There is 1 piece that has 1 square (simple 1x1), 1 piece that has 2 squares (simple 1x2), 2 pieces that have 3 squares (1x3 rectangle, and a corner), etc.","Design a script that finds the number of n-square pieces and their possible arrangements in Blokus Duo. Each piece is made up of combinations of 1x1 squares connected together, limited to five squares, while discarding any symmetrical forms due to rotation and flipping. Examples include a lone single-square piece, one 2-square piece, and two different formations for three squares: a straight line and a corner configuration.",llms,0.7265564799308777,2.291862493456145e-78,0.9693732261657715,0.0,"John, a junior software engineer. He studied computer science for his undergraduate degree at the University of Bristol and recently graduated. He did an internship in a small startup at the end of his third year where he assisted senior developers to build a tool that helped companies to track and manage their inventory. He has experience with Python, AWS, and unit testing."
"Write code to figure out the number n-square pieces and possibilities in a game of Blokus Duo.  The pieces are all the possible combinations of 1x1 square blocks joined together, up to 5 pieces, but cancelling out any symmetries, as the pieces can be flipped and rotated by the players. There is 1 piece that has 1 square (simple 1x1), 1 piece that has 2 squares (simple 1x2), 2 pieces that have 3 squares (1x3 rectangle, and a corner), etc.","Create a program that calculates the number of n-square pieces and their configurations in the game of Blokus Duo. The pieces consist of various arrangements of 1x1 square units, ranging from single squares up to combinations of five squares. Ensure that symmetrical variations, including flips and rotations, are excluded since players can manipulate the pieces in this manner. For instance, there is one configuration with a single square, one configuration with two squares (a simple 1x2 arrangement), and two configurations with three squares (such as a linear 1x3 and a corner formation, among others).",llms,0.8233745694160461,0.12989924612809978,0.9704127311706543,0.1277986764907837,"Brad, a principal software engineer at Amazon. He has 12 years of professional software development experience and has led large-scale projects in industry. Brad has knowledge of object-oriented design, data structures, and algorithms. He also has experience designing and building large-scale systems in a multi-tiered, distributed environment. In his current role at the Amazon Device Management Systems organisation, he works on device-authentication, device-registration, device profiles and account-linking and is now working to expand to Remote Key provisioning and Passkeys. "
"Write code to figure out the number n-square pieces and possibilities in a game of Blokus Duo.  The pieces are all the possible combinations of 1x1 square blocks joined together, up to 5 pieces, but cancelling out any symmetries, as the pieces can be flipped and rotated by the players. There is 1 piece that has 1 square (simple 1x1), 1 piece that has 2 squares (simple 1x2), 2 pieces that have 3 squares (1x3 rectangle, and a corner), etc.","Develop code to determine the total count of n-square pieces and their potential arrangements within Blokus Duo. The pieces pertain to all conceivable groupings of 1x1 square blocks, extending up to five blocks, while removing any symmetric duplicates, as players can rotate or mirror the pieces. This includes one unique piece containing a single square, one with two squares in a 1x2 layout, and two distinct pieces that form three squares (a straight 1x3 and a corner piece, for example).",llms,0.7664290070533752,0.12569970130648625,0.9714375734329224,0.12569966912269592,"Brad, a principal software engineer at Amazon. He has 12 years of professional software development experience and has led large-scale projects in industry. Brad has knowledge of object-oriented design, data structures, and algorithms. He also has experience designing and building large-scale systems in a multi-tiered, distributed environment. In his current role at the Amazon Device Management Systems organisation, he works on device-authentication, device-registration, device profiles and account-linking and is now working to expand to Remote Key provisioning and Passkeys. "
"Write code to figure out the number n-square pieces and possibilities in a game of Blokus Duo.  The pieces are all the possible combinations of 1x1 square blocks joined together, up to 5 pieces, but cancelling out any symmetries, as the pieces can be flipped and rotated by the players. There is 1 piece that has 1 square (simple 1x1), 1 piece that has 2 squares (simple 1x2), 2 pieces that have 3 squares (1x3 rectangle, and a corner), etc.","Write a script that identifies the various n-square pieces and their permutations in Blokus Duo. The pieces manifest as different combinations of 1x1 square blocks, encompassing up to five squares in total, while disregarding symmetrical forms due to the allowance of flips and rotations by players. There exists one piece with a single square, one with two squares in a 1x2 structure, and two differing pieces containing three squares, represented as a 1x3 rectangle and an L-shaped corner configuration.",llms,0.7478715777397156,0.13066249713626518,0.9688467383384705,0.13066251575946808,"Brad, a principal software engineer at Amazon. He has 12 years of professional software development experience and has led large-scale projects in industry. Brad has knowledge of object-oriented design, data structures, and algorithms. He also has experience designing and building large-scale systems in a multi-tiered, distributed environment. In his current role at the Amazon Device Management Systems organisation, he works on device-authentication, device-registration, device profiles and account-linking and is now working to expand to Remote Key provisioning and Passkeys. "
"Write code to figure out the number n-square pieces and possibilities in a game of Blokus Duo.  The pieces are all the possible combinations of 1x1 square blocks joined together, up to 5 pieces, but cancelling out any symmetries, as the pieces can be flipped and rotated by the players. There is 1 piece that has 1 square (simple 1x1), 1 piece that has 2 squares (simple 1x2), 2 pieces that have 3 squares (1x3 rectangle, and a corner), etc.","Implement a solution to compute the number of n-square pieces and the valid configurations in the Blokus Duo game. The pieces will be derived from all potential assemblies of 1x1 square blocks, limited to a maximum of five squares, and accounting for the elimination of symmetrical forms since players can rotate and flip these pieces. Specifically, there is one configuration for a single square, one for two squares arranged in a 1x2 manner, and two for three squares, including a linear 1x3 and an L-shape.",llms,0.7454172968864441,0.07255201082433468,0.9696446657180786,0.07060182839632034,"Brad, a principal software engineer at Amazon. He has 12 years of professional software development experience and has led large-scale projects in industry. Brad has knowledge of object-oriented design, data structures, and algorithms. He also has experience designing and building large-scale systems in a multi-tiered, distributed environment. In his current role at the Amazon Device Management Systems organisation, he works on device-authentication, device-registration, device profiles and account-linking and is now working to expand to Remote Key provisioning and Passkeys. "
"Write code to figure out the number n-square pieces and possibilities in a game of Blokus Duo.  The pieces are all the possible combinations of 1x1 square blocks joined together, up to 5 pieces, but cancelling out any symmetries, as the pieces can be flipped and rotated by the players. There is 1 piece that has 1 square (simple 1x1), 1 piece that has 2 squares (simple 1x2), 2 pieces that have 3 squares (1x3 rectangle, and a corner), etc.","Construct a program to ascertain the counts and variations of n-square pieces featured in Blokus Duo. These pieces encompass a range of arrangements made from 1x1 square sections, extending up to combinations involving five squares, while disregarding symmetrical equivalents since piece manipulation through rotation and flipping is permitted. In this context, there is one piece comprised of a single square, one for a dual square formation (1x2), and two configurations for three squares, represented as a straight line (1x3) and a corner setup.",llms,0.8113963603973389,2.5321779879963713e-78,0.9675153493881226,0.0,"Brad, a principal software engineer at Amazon. He has 12 years of professional software development experience and has led large-scale projects in industry. Brad has knowledge of object-oriented design, data structures, and algorithms. He also has experience designing and building large-scale systems in a multi-tiered, distributed environment. In his current role at the Amazon Device Management Systems organisation, he works on device-authentication, device-registration, device profiles and account-linking and is now working to expand to Remote Key provisioning and Passkeys. "
"Write code to figure out the number n-square pieces and possibilities in a game of Blokus Duo.  The pieces are all the possible combinations of 1x1 square blocks joined together, up to 5 pieces, but cancelling out any symmetries, as the pieces can be flipped and rotated by the players. There is 1 piece that has 1 square (simple 1x1), 1 piece that has 2 squares (simple 1x2), 2 pieces that have 3 squares (1x3 rectangle, and a corner), etc.","Create a program that calculates the number of n-square shapes and their variations in the game of Blokus Duo. The shapes consist of various arrangements of 1x1 square blocks, combining up to five blocks while eliminating duplicate forms due to rotations and flips. For instance, there is one arrangement for a single square, two arrangements for two squares, and two forms for three squares, including a straight line and a corner shape.",llms,0.7380048036575317,0.11446888429374902,0.9681882262229919,0.1116005927324295,"Harold, an English teacher who has never used a programming language. He understands how to use Excel and basic word processing on a computer but has no knowledge of data structures, programming, or computing concepts."
"Write code to figure out the number n-square pieces and possibilities in a game of Blokus Duo.  The pieces are all the possible combinations of 1x1 square blocks joined together, up to 5 pieces, but cancelling out any symmetries, as the pieces can be flipped and rotated by the players. There is 1 piece that has 1 square (simple 1x1), 1 piece that has 2 squares (simple 1x2), 2 pieces that have 3 squares (1x3 rectangle, and a corner), etc.","Develop a code snippet to determine the total number of n-square configurations and their arrangements in Blokus Duo. The configurations are formed by linking 1x1 square blocks, with a maximum of five blocks combined, and should account for unique shapes by disregarding symmetrical duplications from rotation and flipping. This includes, for example, one single square piece, one linear piece of two squares, and two distinct formations of three squares.",llms,0.7266465425491333,0.0519993946656159,0.9660253524780273,0.05199938639998436,"Harold, an English teacher who has never used a programming language. He understands how to use Excel and basic word processing on a computer but has no knowledge of data structures, programming, or computing concepts."
"Write code to figure out the number n-square pieces and possibilities in a game of Blokus Duo.  The pieces are all the possible combinations of 1x1 square blocks joined together, up to 5 pieces, but cancelling out any symmetries, as the pieces can be flipped and rotated by the players. There is 1 piece that has 1 square (simple 1x1), 1 piece that has 2 squares (simple 1x2), 2 pieces that have 3 squares (1x3 rectangle, and a corner), etc.","Compose a piece of code to find out the number of n-square pieces and their possibilities within the Blokus Duo game. The pieces are constructed from 1x1 squares connected in various ways, limited to a maximum of five squares, and should not repeat symmetrical shapes as players can rotate and flip them. Examples include one piece for a 1-square block, one piece for two squares in line, and two different arrangements for three squares.",llms,0.7370574474334717,0.0656949627271856,0.968205451965332,0.0667685940861702,"Harold, an English teacher who has never used a programming language. He understands how to use Excel and basic word processing on a computer but has no knowledge of data structures, programming, or computing concepts."
"Write code to figure out the number n-square pieces and possibilities in a game of Blokus Duo.  The pieces are all the possible combinations of 1x1 square blocks joined together, up to 5 pieces, but cancelling out any symmetries, as the pieces can be flipped and rotated by the players. There is 1 piece that has 1 square (simple 1x1), 1 piece that has 2 squares (simple 1x2), 2 pieces that have 3 squares (1x3 rectangle, and a corner), etc.","Write a program that figures out how many n-square pieces and their variations exist in Blokus Duo. These pieces consist of connected 1x1 square blocks, going up to five together while excluding any symmetrical forms caused by rotation and flipping. For instance, the program should identify one configuration for a single square, one for two squares, and two for three squares, including a straight block and a corner arrangement.",llms,0.7183866500854492,2.283872010843614e-78,0.9689500331878662,0.0,"Harold, an English teacher who has never used a programming language. He understands how to use Excel and basic word processing on a computer but has no knowledge of data structures, programming, or computing concepts."
"Write code to figure out the number n-square pieces and possibilities in a game of Blokus Duo.  The pieces are all the possible combinations of 1x1 square blocks joined together, up to 5 pieces, but cancelling out any symmetries, as the pieces can be flipped and rotated by the players. There is 1 piece that has 1 square (simple 1x1), 1 piece that has 2 squares (simple 1x2), 2 pieces that have 3 squares (1x3 rectangle, and a corner), etc.","Construct a code to calculate the number of n-square shapes and potential combinations in the game of Blokus Duo. The shapes are formed by 1x1 squares combined up to five blocks, ensuring that symmetrical variations through flipping and rotating are not counted. There will be one way to arrange a single square, one way for a piece of two squares, and two distinguishing forms for three squares, such as a line piece and a corner piece.",llms,0.7433280944824219,0.09783442208249404,0.968571662902832,0.09783441573381424,"Harold, an English teacher who has never used a programming language. He understands how to use Excel and basic word processing on a computer but has no knowledge of data structures, programming, or computing concepts."
"LEGO claims that 6 standard 2X4 bricks can be connected in 915,103,765 combinations. Write code that verifies this claim, and design a heuristic to decide which combinations are trivial, and which are complicated, giving each a class rating.","LEGO asserts that there are 915,103,765 ways to connect 6 standard 2X4 bricks. Develop a program to validate this assertion and create a heuristic to categorize the combinations into 'trivial' and 'complex,' assigning each a corresponding rating.",llms,0.6760157346725464,0.11052992267364205,0.9717845916748047,0.11053544282913208,"John, a junior software engineer. He studied computer science for his undergraduate degree at the University of Bristol and recently graduated. He did an internship in a small startup at the end of his third year where he assisted senior developers to build a tool that helped companies to track and manage their inventory. He has experience with Python, AWS, and unit testing."
"LEGO claims that 6 standard 2X4 bricks can be connected in 915,103,765 combinations. Write code that verifies this claim, and design a heuristic to decide which combinations are trivial, and which are complicated, giving each a class rating.","According to LEGO, six standard 2X4 bricks can be arranged in 915,103,765 unique combinations. Write a script to confirm this number and devise a heuristic to classify the combinations based on their complexity, labeling them as 'easy' or 'challenging' with an appropriate rating system.",llms,0.6311178207397461,0.13757515242207927,0.970026969909668,0.14349570870399475,"John, a junior software engineer. He studied computer science for his undergraduate degree at the University of Bristol and recently graduated. He did an internship in a small startup at the end of his third year where he assisted senior developers to build a tool that helped companies to track and manage their inventory. He has experience with Python, AWS, and unit testing."
"LEGO claims that 6 standard 2X4 bricks can be connected in 915,103,765 combinations. Write code that verifies this claim, and design a heuristic to decide which combinations are trivial, and which are complicated, giving each a class rating.","LEGO posits that 6 standard 2X4 bricks can form 915,103,765 possible combinations. Implement a code solution to authenticate this claim and formulate a heuristic to differentiate between simple and intricate combinations, providing each with a class rating.",llms,0.7379887700080872,0.23079173690841698,0.9757699370384216,0.23079176247119904,"John, a junior software engineer. He studied computer science for his undergraduate degree at the University of Bristol and recently graduated. He did an internship in a small startup at the end of his third year where he assisted senior developers to build a tool that helped companies to track and manage their inventory. He has experience with Python, AWS, and unit testing."
"LEGO claims that 6 standard 2X4 bricks can be connected in 915,103,765 combinations. Write code that verifies this claim, and design a heuristic to decide which combinations are trivial, and which are complicated, giving each a class rating.","As per LEGO's claim, it's stated that 6 standard 2X4 bricks can be combined in 915,103,765 different ways. Create code to verify this figure and design a method to evaluate the combinations, categorizing them as either 'basic' or 'advanced' and assigning ratings accordingly.",llms,0.7587436437606812,0.17417683513331614,0.9703055024147034,0.18740373849868774,"John, a junior software engineer. He studied computer science for his undergraduate degree at the University of Bristol and recently graduated. He did an internship in a small startup at the end of his third year where he assisted senior developers to build a tool that helped companies to track and manage their inventory. He has experience with Python, AWS, and unit testing."
"LEGO claims that 6 standard 2X4 bricks can be connected in 915,103,765 combinations. Write code that verifies this claim, and design a heuristic to decide which combinations are trivial, and which are complicated, giving each a class rating.","LEGO claims that connecting 6 standard 2X4 bricks can yield 915,103,765 different arrangements. Construct a program to validate this assertion and establish a heuristic to evaluate each combination's complexity, categorizing them as trivial or complex and assigning each a class score.",llms,0.7287028431892395,0.16483720716100703,0.9747517704963684,0.1687183976173401,"John, a junior software engineer. He studied computer science for his undergraduate degree at the University of Bristol and recently graduated. He did an internship in a small startup at the end of his third year where he assisted senior developers to build a tool that helped companies to track and manage their inventory. He has experience with Python, AWS, and unit testing."
"LEGO claims that 6 standard 2X4 bricks can be connected in 915,103,765 combinations. Write code that verifies this claim, and design a heuristic to decide which combinations are trivial, and which are complicated, giving each a class rating.","According to LEGO, there are 915,103,765 unique ways to assemble 6 standard 2X4 bricks. Create a program to validate this assertion, and establish a heuristic to categorize the combinations as either trivial or complex, assigning each a classification score.",llms,0.69752037525177,0.10786264791837065,0.9701225757598877,0.10786263644695282,"Brad, a principal software engineer at Amazon. He has 12 years of professional software development experience and has led large-scale projects in industry. Brad has knowledge of object-oriented design, data structures, and algorithms. He also has experience designing and building large-scale systems in a multi-tiered, distributed environment. In his current role at the Amazon Device Management Systems organisation, he works on device-authentication, device-registration, device profiles and account-linking and is now working to expand to Remote Key provisioning and Passkeys. "
"LEGO claims that 6 standard 2X4 bricks can be connected in 915,103,765 combinations. Write code that verifies this claim, and design a heuristic to decide which combinations are trivial, and which are complicated, giving each a class rating.","LEGO states that it's possible to arrange 6 standard 2X4 bricks in 915,103,765 different ways. Develop code to verify this statement and create a heuristic to classify the combinations into simple and intricate categories, providing each with a rating.",llms,0.6904760003089905,0.11175580607291584,0.9738607406616211,0.11182290315628052,"Brad, a principal software engineer at Amazon. He has 12 years of professional software development experience and has led large-scale projects in industry. Brad has knowledge of object-oriented design, data structures, and algorithms. He also has experience designing and building large-scale systems in a multi-tiered, distributed environment. In his current role at the Amazon Device Management Systems organisation, he works on device-authentication, device-registration, device profiles and account-linking and is now working to expand to Remote Key provisioning and Passkeys. "
"LEGO claims that 6 standard 2X4 bricks can be connected in 915,103,765 combinations. Write code that verifies this claim, and design a heuristic to decide which combinations are trivial, and which are complicated, giving each a class rating.","LEGO asserts that 6 standard 2X4 bricks can be combined in 915,103,765 different configurations. Write a script to confirm this claim, and design a method to evaluate which combinations are basic versus those that are intricate, assigning each a rating class.",llms,0.8775919079780579,0.3113429852810523,0.9829428791999817,0.3113429844379425,"Brad, a principal software engineer at Amazon. He has 12 years of professional software development experience and has led large-scale projects in industry. Brad has knowledge of object-oriented design, data structures, and algorithms. He also has experience designing and building large-scale systems in a multi-tiered, distributed environment. In his current role at the Amazon Device Management Systems organisation, he works on device-authentication, device-registration, device profiles and account-linking and is now working to expand to Remote Key provisioning and Passkeys. "
"LEGO claims that 6 standard 2X4 bricks can be connected in 915,103,765 combinations. Write code that verifies this claim, and design a heuristic to decide which combinations are trivial, and which are complicated, giving each a class rating.","According to LEGO, the number of possible combinations for 6 standard 2X4 bricks is 915,103,765. Write a program to substantiate this claim, and devise a heuristic to classify the combinations as trivial or sophisticated, giving each combination a classification label.",llms,0.7122014760971069,0.16871838589669064,0.9743868112564087,0.17252442240715027,"Brad, a principal software engineer at Amazon. He has 12 years of professional software development experience and has led large-scale projects in industry. Brad has knowledge of object-oriented design, data structures, and algorithms. He also has experience designing and building large-scale systems in a multi-tiered, distributed environment. In his current role at the Amazon Device Management Systems organisation, he works on device-authentication, device-registration, device profiles and account-linking and is now working to expand to Remote Key provisioning and Passkeys. "
"LEGO claims that 6 standard 2X4 bricks can be connected in 915,103,765 combinations. Write code that verifies this claim, and design a heuristic to decide which combinations are trivial, and which are complicated, giving each a class rating.","LEGO claims that there are 915,103,765 potential ways to connect 6 standard 2X4 bricks. Create a piece of code to verify this figure, and design a heuristic for distinguishing between trivial and complex configurations, assigning a classification tier to each.",llms,0.7546985149383545,0.18586302203348085,0.9734993577003479,0.18586301803588867,"Brad, a principal software engineer at Amazon. He has 12 years of professional software development experience and has led large-scale projects in industry. Brad has knowledge of object-oriented design, data structures, and algorithms. He also has experience designing and building large-scale systems in a multi-tiered, distributed environment. In his current role at the Amazon Device Management Systems organisation, he works on device-authentication, device-registration, device profiles and account-linking and is now working to expand to Remote Key provisioning and Passkeys. "
"LEGO claims that 6 standard 2X4 bricks can be connected in 915,103,765 combinations. Write code that verifies this claim, and design a heuristic to decide which combinations are trivial, and which are complicated, giving each a class rating.","According to LEGO, there are over 915 million ways to assemble 6 standard 2X4 bricks. Create a program to check if this number is accurate and establish a method to categorize the combinations as either simple or complex, assigning a classification to each group.",llms,0.64366215467453,0.06836324713175902,0.9637327194213867,0.0683632418513298,"Harold, an English teacher who has never used a programming language. He understands how to use Excel and basic word processing on a computer but has no knowledge of data structures, programming, or computing concepts."
"LEGO claims that 6 standard 2X4 bricks can be connected in 915,103,765 combinations. Write code that verifies this claim, and design a heuristic to decide which combinations are trivial, and which are complicated, giving each a class rating.","LEGO states that it's possible to combine 6 standard 2X4 bricks in 915,103,765 different ways. Please write a program to confirm this figure and develop a system to classify the combinations as easy or challenging, giving each one a specific rating.",llms,0.6673803329467773,0.10538138772108753,0.9735300540924072,0.10655497014522552,"Harold, an English teacher who has never used a programming language. He understands how to use Excel and basic word processing on a computer but has no knowledge of data structures, programming, or computing concepts."
"LEGO claims that 6 standard 2X4 bricks can be connected in 915,103,765 combinations. Write code that verifies this claim, and design a heuristic to decide which combinations are trivial, and which are complicated, giving each a class rating.","LEGO asserts that you can connect 6 standard 2X4 bricks in 915,103,765 distinct arrangements. Write a piece of code to validate this assertion and devise a strategy to determine which combinations are basic and which are intricate, assigning a classification to each.",llms,0.7913634181022644,0.12719593383449834,0.9794472455978394,0.12719590961933136,"Harold, an English teacher who has never used a programming language. He understands how to use Excel and basic word processing on a computer but has no knowledge of data structures, programming, or computing concepts."
"LEGO claims that 6 standard 2X4 bricks can be connected in 915,103,765 combinations. Write code that verifies this claim, and design a heuristic to decide which combinations are trivial, and which are complicated, giving each a class rating.","According to LEGO, six standard 2X4 bricks can create 915,103,765 unique combinations. Write a piece of software to verify this claim and introduce a framework to differentiate between straightforward and complex combinations, providing each with a classification score.",llms,0.6388941407203674,0.10635138959130709,0.972366213798523,0.10635138303041458,"Harold, an English teacher who has never used a programming language. He understands how to use Excel and basic word processing on a computer but has no knowledge of data structures, programming, or computing concepts."
"LEGO claims that 6 standard 2X4 bricks can be connected in 915,103,765 combinations. Write code that verifies this claim, and design a heuristic to decide which combinations are trivial, and which are complicated, giving each a class rating.","LEGO has claimed that there are 915,103,765 different ways to arrange 6 standard 2X4 bricks. Write a program that confirms this number and design a heuristic to assess and categorize the combinations into simple and complex groups, assigning a specific label to each.",llms,0.7577950358390808,0.16293125439919423,0.9745876789093018,0.16293126344680786,"Harold, an English teacher who has never used a programming language. He understands how to use Excel and basic word processing on a computer but has no knowledge of data structures, programming, or computing concepts."
Write a game of snake like that on the Nokia phones in 1997,Create a classic snake game reminiscent of the version found on Nokia mobile phones from 1997.,llms,0.7253673672676086,1.554020417830878e-231,0.9855283498764038,0.0,"John, a junior software engineer. He studied computer science for his undergraduate degree at the University of Bristol and recently graduated. He did an internship in a small startup at the end of his third year where he assisted senior developers to build a tool that helped companies to track and manage their inventory. He has experience with Python, AWS, and unit testing."
Write a game of snake like that on the Nokia phones in 1997,Develop a retro-style snake game inspired by the original that was popular on Nokia devices in 1997.,llms,0.6450167894363403,6.1773539527177615e-155,0.9840630888938904,0.0,"John, a junior software engineer. He studied computer science for his undergraduate degree at the University of Bristol and recently graduated. He did an internship in a small startup at the end of his third year where he assisted senior developers to build a tool that helped companies to track and manage their inventory. He has experience with Python, AWS, and unit testing."
Write a game of snake like that on the Nokia phones in 1997,Build a snake game that captures the essence of the 1997 Nokia phone version.,llms,0.5684452056884766,1.556890273854021e-231,0.9822266697883606,0.0,"John, a junior software engineer. He studied computer science for his undergraduate degree at the University of Bristol and recently graduated. He did an internship in a small startup at the end of his third year where he assisted senior developers to build a tool that helped companies to track and manage their inventory. He has experience with Python, AWS, and unit testing."
Write a game of snake like that on the Nokia phones in 1997,Design a nostalgic snake game similar to the one available on Nokia phones back in 1997.,llms,0.6634968519210815,7.565682572361624e-155,0.9854684472084045,0.0,"John, a junior software engineer. He studied computer science for his undergraduate degree at the University of Bristol and recently graduated. He did an internship in a small startup at the end of his third year where he assisted senior developers to build a tool that helped companies to track and manage their inventory. He has experience with Python, AWS, and unit testing."
Write a game of snake like that on the Nokia phones in 1997,Construct a retro snake game that mirrors the gameplay experience of the Nokia mobile phones from 1997.,llms,0.6082465648651123,6.1773539527177615e-155,0.9826620817184448,0.0,"John, a junior software engineer. He studied computer science for his undergraduate degree at the University of Bristol and recently graduated. He did an internship in a small startup at the end of his third year where he assisted senior developers to build a tool that helped companies to track and manage their inventory. He has experience with Python, AWS, and unit testing."
Write a game of snake like that on the Nokia phones in 1997,Develop a classic snake game reminiscent of the version found on Nokia mobile phones from 1997.,llms,0.7238595485687256,1.554020417830878e-231,0.9852324724197388,0.0,"Brad, a principal software engineer at Amazon. He has 12 years of professional software development experience and has led large-scale projects in industry. Brad has knowledge of object-oriented design, data structures, and algorithms. He also has experience designing and building large-scale systems in a multi-tiered, distributed environment. In his current role at the Amazon Device Management Systems organisation, he works on device-authentication, device-registration, device profiles and account-linking and is now working to expand to Remote Key provisioning and Passkeys. "
Write a game of snake like that on the Nokia phones in 1997,Create a retro snake game inspired by the iconic Nokia phone version released in 1997.,llms,0.6045193672180176,6.164444051541174e-155,0.9825212359428406,0.0,"Brad, a principal software engineer at Amazon. He has 12 years of professional software development experience and has led large-scale projects in industry. Brad has knowledge of object-oriented design, data structures, and algorithms. He also has experience designing and building large-scale systems in a multi-tiered, distributed environment. In his current role at the Amazon Device Management Systems organisation, he works on device-authentication, device-registration, device profiles and account-linking and is now working to expand to Remote Key provisioning and Passkeys. "
Write a game of snake like that on the Nokia phones in 1997,"Build a snake game reflecting the style of the 1997 Nokia phones, capturing the original gameplay experience.",llms,0.5282710790634155,5.833620671964792e-155,0.9746161699295044,0.0,"Brad, a principal software engineer at Amazon. He has 12 years of professional software development experience and has led large-scale projects in industry. Brad has knowledge of object-oriented design, data structures, and algorithms. He also has experience designing and building large-scale systems in a multi-tiered, distributed environment. In his current role at the Amazon Device Management Systems organisation, he works on device-authentication, device-registration, device profiles and account-linking and is now working to expand to Remote Key provisioning and Passkeys. "
Write a game of snake like that on the Nokia phones in 1997,"Design a snake game that emulates the gameplay of the Nokia version from 1997, featuring similar mechanics and aesthetics.",llms,0.6392923593521118,5.541564466373977e-155,0.9714523553848267,0.0,"Brad, a principal software engineer at Amazon. He has 12 years of professional software development experience and has led large-scale projects in industry. Brad has knowledge of object-oriented design, data structures, and algorithms. He also has experience designing and building large-scale systems in a multi-tiered, distributed environment. In his current role at the Amazon Device Management Systems organisation, he works on device-authentication, device-registration, device profiles and account-linking and is now working to expand to Remote Key provisioning and Passkeys. "
Write a game of snake like that on the Nokia phones in 1997,Construct a nostalgic snake game that mirrors the functionality and design of the Nokia phones' 1997 edition.,llms,0.5170802474021912,2.8809483832030146e-78,0.9794090986251831,0.0,"Brad, a principal software engineer at Amazon. He has 12 years of professional software development experience and has led large-scale projects in industry. Brad has knowledge of object-oriented design, data structures, and algorithms. He also has experience designing and building large-scale systems in a multi-tiered, distributed environment. In his current role at the Amazon Device Management Systems organisation, he works on device-authentication, device-registration, device profiles and account-linking and is now working to expand to Remote Key provisioning and Passkeys. "
Write a game of snake like that on the Nokia phones in 1997,Create a version of the classic snake game similar to the one found on Nokia cell phones in 1997.,llms,0.7863122224807739,2.8400735115987684e-78,0.9866597652435303,0.0,"Harold, an English teacher who has never used a programming language. He understands how to use Excel and basic word processing on a computer but has no knowledge of data structures, programming, or computing concepts."
Write a game of snake like that on the Nokia phones in 1997,Develop a game of snake that resembles the original version played on Nokia phones back in 1997.,llms,0.7976256012916565,0.1967274688523915,0.9886740446090698,0.1967274695634842,"Harold, an English teacher who has never used a programming language. He understands how to use Excel and basic word processing on a computer but has no knowledge of data structures, programming, or computing concepts."
Write a game of snake like that on the Nokia phones in 1997,Construct a snake game inspired by the Nokia mobile game from 1997.,llms,0.6437156200408936,6.60585259847259e-155,0.9834403991699219,0.0,"Harold, an English teacher who has never used a programming language. He understands how to use Excel and basic word processing on a computer but has no knowledge of data structures, programming, or computing concepts."
Write a game of snake like that on the Nokia phones in 1997,Design a snake game reminiscent of the Nokia phones' gameplay from the year 1997.,llms,0.6577073335647583,3.2083466360234637e-78,0.9840507507324219,0.0,"Harold, an English teacher who has never used a programming language. He understands how to use Excel and basic word processing on a computer but has no knowledge of data structures, programming, or computing concepts."
Write a game of snake like that on the Nokia phones in 1997,Program a snake game that captures the essence of the one that was popular on Nokia phones in 1997.,llms,0.7114706635475159,0.15435109972796832,0.9848261475563049,0.1543511003255844,"Harold, an English teacher who has never used a programming language. He understands how to use Excel and basic word processing on a computer but has no knowledge of data structures, programming, or computing concepts."
Write code to implement a gradient ascent algorithm which looks for the global maximum of a function.,Create a program that utilizes the gradient ascent method to identify the highest point of a given function.,llms,0.7546602487564087,7.906906991230994e-155,0.9813747406005859,0.0,"John, a junior software engineer. He studied computer science for his undergraduate degree at the University of Bristol and recently graduated. He did an internship in a small startup at the end of his third year where he assisted senior developers to build a tool that helped companies to track and manage their inventory. He has experience with Python, AWS, and unit testing."
Write code to implement a gradient ascent algorithm which looks for the global maximum of a function.,Develop a code snippet that applies the gradient ascent technique to find the global peak of a mathematical function.,llms,0.8268917202949524,8.701407056750422e-155,0.9851566553115845,0.0,"John, a junior software engineer. He studied computer science for his undergraduate degree at the University of Bristol and recently graduated. He did an internship in a small startup at the end of his third year where he assisted senior developers to build a tool that helped companies to track and manage their inventory. He has experience with Python, AWS, and unit testing."
Write code to implement a gradient ascent algorithm which looks for the global maximum of a function.,Construct an algorithm that performs gradient ascent to search for the maximum value of a specified function.,llms,0.8387166261672974,9.185547095737811e-155,0.9857461452484131,0.0,"John, a junior software engineer. He studied computer science for his undergraduate degree at the University of Bristol and recently graduated. He did an internship in a small startup at the end of his third year where he assisted senior developers to build a tool that helped companies to track and manage their inventory. He has experience with Python, AWS, and unit testing."
Write code to implement a gradient ascent algorithm which looks for the global maximum of a function.,Implement a solution that uses gradient ascent to locate the global maximum of a function.,llms,0.834110677242279,0.4040804503365413,0.9838587045669556,0.38240423798561096,"John, a junior software engineer. He studied computer science for his undergraduate degree at the University of Bristol and recently graduated. He did an internship in a small startup at the end of his third year where he assisted senior developers to build a tool that helped companies to track and manage their inventory. He has experience with Python, AWS, and unit testing."
Write code to implement a gradient ascent algorithm which looks for the global maximum of a function.,Write a code implementation for a gradient ascent approach aimed at discovering the highest point of a provided function.,llms,0.6834002733230591,3.458878059739245e-78,0.9831811785697937,0.0,"John, a junior software engineer. He studied computer science for his undergraduate degree at the University of Bristol and recently graduated. He did an internship in a small startup at the end of his third year where he assisted senior developers to build a tool that helped companies to track and manage their inventory. He has experience with Python, AWS, and unit testing."
Write code to implement a gradient ascent algorithm which looks for the global maximum of a function.,Create a code snippet that executes a gradient ascent algorithm aimed at locating the global maximum of a specified function.,llms,0.7863311171531677,0.3164257177669852,0.9848666191101074,0.31642574071884155,"Brad, a principal software engineer at Amazon. He has 12 years of professional software development experience and has led large-scale projects in industry. Brad has knowledge of object-oriented design, data structures, and algorithms. He also has experience designing and building large-scale systems in a multi-tiered, distributed environment. In his current role at the Amazon Device Management Systems organisation, he works on device-authentication, device-registration, device profiles and account-linking and is now working to expand to Remote Key provisioning and Passkeys. "
Write code to implement a gradient ascent algorithm which looks for the global maximum of a function.,Develop a program that implements the gradient ascent technique to identify the highest point of a given mathematical function.,llms,0.7452840805053711,7.701357032095368e-155,0.9818319082260132,0.0,"Brad, a principal software engineer at Amazon. He has 12 years of professional software development experience and has led large-scale projects in industry. Brad has knowledge of object-oriented design, data structures, and algorithms. He also has experience designing and building large-scale systems in a multi-tiered, distributed environment. In his current role at the Amazon Device Management Systems organisation, he works on device-authentication, device-registration, device profiles and account-linking and is now working to expand to Remote Key provisioning and Passkeys. "
Write code to implement a gradient ascent algorithm which looks for the global maximum of a function.,Write a function that performs gradient ascent to search for the global maximum value of a defined function.,llms,0.8546198606491089,0.21031444120861048,0.9893202185630798,0.21031443774700165,"Brad, a principal software engineer at Amazon. He has 12 years of professional software development experience and has led large-scale projects in industry. Brad has knowledge of object-oriented design, data structures, and algorithms. He also has experience designing and building large-scale systems in a multi-tiered, distributed environment. In his current role at the Amazon Device Management Systems organisation, he works on device-authentication, device-registration, device profiles and account-linking and is now working to expand to Remote Key provisioning and Passkeys. "
Write code to implement a gradient ascent algorithm which looks for the global maximum of a function.,Construct a code solution that applies the gradient ascent method for discovering the global maximum of a function.,llms,0.8277350068092346,0.3665882729601239,0.9855663180351257,0.3665882647037506,"Brad, a principal software engineer at Amazon. He has 12 years of professional software development experience and has led large-scale projects in industry. Brad has knowledge of object-oriented design, data structures, and algorithms. He also has experience designing and building large-scale systems in a multi-tiered, distributed environment. In his current role at the Amazon Device Management Systems organisation, he works on device-authentication, device-registration, device profiles and account-linking and is now working to expand to Remote Key provisioning and Passkeys. "
Write code to implement a gradient ascent algorithm which looks for the global maximum of a function.,Implement a gradient ascent algorithm in code that is designed to find the peak value of a particular function.,llms,0.8093999624252319,0.24688498672025874,0.9854733347892761,0.17537671327590942,"Brad, a principal software engineer at Amazon. He has 12 years of professional software development experience and has led large-scale projects in industry. Brad has knowledge of object-oriented design, data structures, and algorithms. He also has experience designing and building large-scale systems in a multi-tiered, distributed environment. In his current role at the Amazon Device Management Systems organisation, he works on device-authentication, device-registration, device profiles and account-linking and is now working to expand to Remote Key provisioning and Passkeys. "
Write code to implement a gradient ascent algorithm which looks for the global maximum of a function.,Create a program that utilizes a gradient ascent method to find the highest point of a given mathematical function.,llms,0.751301109790802,3.289634954129118e-78,0.9824320673942566,0.0,"Harold, an English teacher who has never used a programming language. He understands how to use Excel and basic word processing on a computer but has no knowledge of data structures, programming, or computing concepts."
Write code to implement a gradient ascent algorithm which looks for the global maximum of a function.,Develop a code snippet that applies a gradient ascent technique to identify the global peak of a specific function.,llms,0.8197388648986816,3.6573182641133707e-78,0.9850658178329468,0.0,"Harold, an English teacher who has never used a programming language. He understands how to use Excel and basic word processing on a computer but has no knowledge of data structures, programming, or computing concepts."
Write code to implement a gradient ascent algorithm which looks for the global maximum of a function.,Construct a coding solution that executes a gradient ascent algorithm aimed at discovering the maximum value of a function.,llms,0.7278205156326294,0.2534743707366162,0.9832492470741272,0.2534743845462799,"Harold, an English teacher who has never used a programming language. He understands how to use Excel and basic word processing on a computer but has no knowledge of data structures, programming, or computing concepts."
Write code to implement a gradient ascent algorithm which looks for the global maximum of a function.,Write a piece of code designed to employ the gradient ascent approach for locating the topmost point of a function.,llms,0.7335879802703857,0.16078626955573466,0.9815198183059692,0.16078627109527588,"Harold, an English teacher who has never used a programming language. He understands how to use Excel and basic word processing on a computer but has no knowledge of data structures, programming, or computing concepts."
Write code to implement a gradient ascent algorithm which looks for the global maximum of a function.,Formulate a set of instructions that uses gradient ascent to search for the maximum output of a particular mathematical function.,llms,0.8143773674964905,8.48639148369783e-155,0.980675995349884,0.0,"Harold, an English teacher who has never used a programming language. He understands how to use Excel and basic word processing on a computer but has no knowledge of data structures, programming, or computing concepts."
Write code to implment a deep neural network in Python,Create a Python script that constructs a deep neural network model.,llms,0.6333850026130676,0.22416933501922293,0.9817500710487366,0.22416932880878448,"John, a junior software engineer. He studied computer science for his undergraduate degree at the University of Bristol and recently graduated. He did an internship in a small startup at the end of his third year where he assisted senior developers to build a tool that helped companies to track and manage their inventory. He has experience with Python, AWS, and unit testing."
Write code to implment a deep neural network in Python,Develop a deep learning architecture using Python for a neural network implementation.,llms,0.7124316096305847,7.505697654413981e-155,0.9816696643829346,0.0,"John, a junior software engineer. He studied computer science for his undergraduate degree at the University of Bristol and recently graduated. He did an internship in a small startup at the end of his third year where he assisted senior developers to build a tool that helped companies to track and manage their inventory. He has experience with Python, AWS, and unit testing."
Write code to implment a deep neural network in Python,Implement a deep neural network in Python to facilitate advanced learning tasks.,llms,0.7902885675430298,0.3955332535877179,0.9810199737548828,0.3955332636833191,"John, a junior software engineer. He studied computer science for his undergraduate degree at the University of Bristol and recently graduated. He did an internship in a small startup at the end of his third year where he assisted senior developers to build a tool that helped companies to track and manage their inventory. He has experience with Python, AWS, and unit testing."
Write code to implment a deep neural network in Python,Write a Python program to establish a deep neural network framework.,llms,0.7512745261192322,0.24384183193426084,0.9853290915489197,0.24384181201457977,"John, a junior software engineer. He studied computer science for his undergraduate degree at the University of Bristol and recently graduated. He did an internship in a small startup at the end of his third year where he assisted senior developers to build a tool that helped companies to track and manage their inventory. He has experience with Python, AWS, and unit testing."
Write code to implment a deep neural network in Python,Generate code in Python to set up a deep neural network from scratch.,llms,0.8117709159851074,0.22718709780542318,0.9824140071868896,0.22718709707260132,"John, a junior software engineer. He studied computer science for his undergraduate degree at the University of Bristol and recently graduated. He did an internship in a small startup at the end of his third year where he assisted senior developers to build a tool that helped companies to track and manage their inventory. He has experience with Python, AWS, and unit testing."
Write code to implment a deep neural network in Python,Create a Python implementation of a deep learning neural network.,llms,0.7091143131256104,8.190757052088229e-155,0.9837056398391724,0.0,"Brad, a principal software engineer at Amazon. He has 12 years of professional software development experience and has led large-scale projects in industry. Brad has knowledge of object-oriented design, data structures, and algorithms. He also has experience designing and building large-scale systems in a multi-tiered, distributed environment. In his current role at the Amazon Device Management Systems organisation, he works on device-authentication, device-registration, device profiles and account-linking and is now working to expand to Remote Key provisioning and Passkeys. "
Write code to implment a deep neural network in Python,Develop a deep neural network using Python programming.,llms,0.6608125567436218,0.2824099048856541,0.983528196811676,0.2824099063873291,"Brad, a principal software engineer at Amazon. He has 12 years of professional software development experience and has led large-scale projects in industry. Brad has knowledge of object-oriented design, data structures, and algorithms. He also has experience designing and building large-scale systems in a multi-tiered, distributed environment. In his current role at the Amazon Device Management Systems organisation, he works on device-authentication, device-registration, device profiles and account-linking and is now working to expand to Remote Key provisioning and Passkeys. "
Write code to implment a deep neural network in Python,Construct a Python-based deep neural network model.,llms,0.4903769791126251,3.7363724810750054e-78,0.9824765920639038,0.0,"Brad, a principal software engineer at Amazon. He has 12 years of professional software development experience and has led large-scale projects in industry. Brad has knowledge of object-oriented design, data structures, and algorithms. He also has experience designing and building large-scale systems in a multi-tiered, distributed environment. In his current role at the Amazon Device Management Systems organisation, he works on device-authentication, device-registration, device profiles and account-linking and is now working to expand to Remote Key provisioning and Passkeys. "
Write code to implment a deep neural network in Python,Code a deep neural network architecture in Python.,llms,0.7240041494369507,0.3301008309851503,0.9876068234443665,0.31762149930000305,"Brad, a principal software engineer at Amazon. He has 12 years of professional software development experience and has led large-scale projects in industry. Brad has knowledge of object-oriented design, data structures, and algorithms. He also has experience designing and building large-scale systems in a multi-tiered, distributed environment. In his current role at the Amazon Device Management Systems organisation, he works on device-authentication, device-registration, device profiles and account-linking and is now working to expand to Remote Key provisioning and Passkeys. "
Write code to implment a deep neural network in Python,Build a Python script to implement a deep neural network.,llms,0.7869937419891357,0.2596535889340338,0.9851799607276917,0.25965356826782227,"Brad, a principal software engineer at Amazon. He has 12 years of professional software development experience and has led large-scale projects in industry. Brad has knowledge of object-oriented design, data structures, and algorithms. He also has experience designing and building large-scale systems in a multi-tiered, distributed environment. In his current role at the Amazon Device Management Systems organisation, he works on device-authentication, device-registration, device profiles and account-linking and is now working to expand to Remote Key provisioning and Passkeys. "
Write code to implment a deep neural network in Python,Create a program in Python that sets up a complex neural network model.,llms,0.656381368637085,7.221948193667952e-155,0.9797306656837463,0.0,"Harold, an English teacher who has never used a programming language. He understands how to use Excel and basic word processing on a computer but has no knowledge of data structures, programming, or computing concepts."
Write code to implment a deep neural network in Python,Develop a Python script to build and operate a deep learning network.,llms,0.6426096558570862,6.311514251575017e-155,0.9777092337608337,0.0,"Harold, an English teacher who has never used a programming language. He understands how to use Excel and basic word processing on a computer but has no knowledge of data structures, programming, or computing concepts."
Write code to implment a deep neural network in Python,Write a Python application for constructing a sophisticated neural network.,llms,0.646653413772583,6.887578243315168e-155,0.9820141196250916,0.0,"Harold, an English teacher who has never used a programming language. He understands how to use Excel and basic word processing on a computer but has no knowledge of data structures, programming, or computing concepts."
Write code to implment a deep neural network in Python,Please generate a Python code that designs and implements a deep neural network system.,llms,0.5166939496994019,0.18207052811092134,0.9769289493560791,0.1820705235004425,"Harold, an English teacher who has never used a programming language. He understands how to use Excel and basic word processing on a computer but has no knowledge of data structures, programming, or computing concepts."
Write code to implment a deep neural network in Python,Construct a deep neural network using code written in Python.,llms,0.6995799541473389,0.28997844147152074,0.9868152737617493,0.2899784445762634,"Harold, an English teacher who has never used a programming language. He understands how to use Excel and basic word processing on a computer but has no knowledge of data structures, programming, or computing concepts."
Write code to implement a convex hull algorithm for 4D points,Create a program that applies a convex hull algorithm for points in four-dimensional space.,llms,0.6303395628929138,0.2574866101628968,0.9824365973472595,0.25748661160469055,"John, a junior software engineer. He studied computer science for his undergraduate degree at the University of Bristol and recently graduated. He did an internship in a small startup at the end of his third year where he assisted senior developers to build a tool that helped companies to track and manage their inventory. He has experience with Python, AWS, and unit testing."
Write code to implement a convex hull algorithm for 4D points,Develop code to compute the convex hull for a set of points represented in four dimensions.,llms,0.6397364735603333,7.1049659118959834e-155,0.982975959777832,0.0,"John, a junior software engineer. He studied computer science for his undergraduate degree at the University of Bristol and recently graduated. He did an internship in a small startup at the end of his third year where he assisted senior developers to build a tool that helped companies to track and manage their inventory. He has experience with Python, AWS, and unit testing."
Write code to implement a convex hull algorithm for 4D points,Implement an algorithm that determines the convex hull for points located in a 4D coordinate system.,llms,0.6381407976150513,6.1773539527177615e-155,0.9799606204032898,0.0,"John, a junior software engineer. He studied computer science for his undergraduate degree at the University of Bristol and recently graduated. He did an internship in a small startup at the end of his third year where he assisted senior developers to build a tool that helped companies to track and manage their inventory. He has experience with Python, AWS, and unit testing."
Write code to implement a convex hull algorithm for 4D points,Write a software function that calculates the convex hull encompassing a collection of four-dimensional points.,llms,0.5294818878173828,5.667113443314699e-155,0.9792454838752747,0.0,"John, a junior software engineer. He studied computer science for his undergraduate degree at the University of Bristol and recently graduated. He did an internship in a small startup at the end of his third year where he assisted senior developers to build a tool that helped companies to track and manage their inventory. He has experience with Python, AWS, and unit testing."
Write code to implement a convex hull algorithm for 4D points,Construct a code solution for finding the convex hull in a four-dimensional point cloud.,llms,0.6284636855125427,5.859491021246916e-155,0.9782088994979858,0.0,"John, a junior software engineer. He studied computer science for his undergraduate degree at the University of Bristol and recently graduated. He did an internship in a small startup at the end of his third year where he assisted senior developers to build a tool that helped companies to track and manage their inventory. He has experience with Python, AWS, and unit testing."
Write code to implement a convex hull algorithm for 4D points,Create a program that applies an algorithm to compute the convex hull for a set of points in four-dimensional space.,llms,0.6561193466186523,5.359624986283916e-155,0.9791460037231445,0.0,"Brad, a principal software engineer at Amazon. He has 12 years of professional software development experience and has led large-scale projects in industry. Brad has knowledge of object-oriented design, data structures, and algorithms. He also has experience designing and building large-scale systems in a multi-tiered, distributed environment. In his current role at the Amazon Device Management Systems organisation, he works on device-authentication, device-registration, device profiles and account-linking and is now working to expand to Remote Key provisioning and Passkeys. "
Write code to implement a convex hull algorithm for 4D points,Develop code to determine the convex hull of a collection of points represented in four dimensions.,llms,0.5948120355606079,6.836365931062249e-155,0.9801552295684814,0.0,"Brad, a principal software engineer at Amazon. He has 12 years of professional software development experience and has led large-scale projects in industry. Brad has knowledge of object-oriented design, data structures, and algorithms. He also has experience designing and building large-scale systems in a multi-tiered, distributed environment. In his current role at the Amazon Device Management Systems organisation, he works on device-authentication, device-registration, device profiles and account-linking and is now working to expand to Remote Key provisioning and Passkeys. "
Write code to implement a convex hull algorithm for 4D points,Write a function that calculates the convex hull encompassing a given set of points in a 4D coordinate system.,llms,0.6011803150177002,5.287667392736108e-155,0.9807245135307312,0.0,"Brad, a principal software engineer at Amazon. He has 12 years of professional software development experience and has led large-scale projects in industry. Brad has knowledge of object-oriented design, data structures, and algorithms. He also has experience designing and building large-scale systems in a multi-tiered, distributed environment. In his current role at the Amazon Device Management Systems organisation, he works on device-authentication, device-registration, device profiles and account-linking and is now working to expand to Remote Key provisioning and Passkeys. "
Write code to implement a convex hull algorithm for 4D points,Implement a solution that constructs the convex hull for a specified group of points in four-dimensional geometry.,llms,0.566109299659729,6.6379988158219165e-155,0.9768181443214417,0.0,"Brad, a principal software engineer at Amazon. He has 12 years of professional software development experience and has led large-scale projects in industry. Brad has knowledge of object-oriented design, data structures, and algorithms. He also has experience designing and building large-scale systems in a multi-tiered, distributed environment. In his current role at the Amazon Device Management Systems organisation, he works on device-authentication, device-registration, device profiles and account-linking and is now working to expand to Remote Key provisioning and Passkeys. "
Write code to implement a convex hull algorithm for 4D points,Code an algorithm that finds the convex hull for a series of points within a four-dimensional framework.,llms,0.6149963736534119,5.801180374671126e-155,0.9800130724906921,0.0,"Brad, a principal software engineer at Amazon. He has 12 years of professional software development experience and has led large-scale projects in industry. Brad has knowledge of object-oriented design, data structures, and algorithms. He also has experience designing and building large-scale systems in a multi-tiered, distributed environment. In his current role at the Amazon Device Management Systems organisation, he works on device-authentication, device-registration, device profiles and account-linking and is now working to expand to Remote Key provisioning and Passkeys. "
Write code to implement a convex hull algorithm for 4D points,Create a program that can determine the convex hull for points in four-dimensional space.,llms,0.6377752423286438,5.859491021246916e-155,0.9775514006614685,0.0,"Harold, an English teacher who has never used a programming language. He understands how to use Excel and basic word processing on a computer but has no knowledge of data structures, programming, or computing concepts."
Write code to implement a convex hull algorithm for 4D points,Develop a piece of code that calculates the convex boundary for sets of points located in four dimensions.,llms,0.40341708064079285,1.3048555118335446e-231,0.9800512790679932,0.0,"Harold, an English teacher who has never used a programming language. He understands how to use Excel and basic word processing on a computer but has no knowledge of data structures, programming, or computing concepts."
Write code to implement a convex hull algorithm for 4D points,Write a script that implements a method to find the convex hull of points situated in a four-dimensional environment.,llms,0.5729653835296631,5.287667392736108e-155,0.980341911315918,0.0,"Harold, an English teacher who has never used a programming language. He understands how to use Excel and basic word processing on a computer but has no knowledge of data structures, programming, or computing concepts."
Write code to implement a convex hull algorithm for 4D points,Construct a coding solution that identifies the outer shape formed by a group of points in 4D space.,llms,0.5708367824554443,1.1484186507842885e-231,0.9756673574447632,0.0,"Harold, an English teacher who has never used a programming language. He understands how to use Excel and basic word processing on a computer but has no knowledge of data structures, programming, or computing concepts."
Write code to implement a convex hull algorithm for 4D points,Formulate a program that applies an algorithm to extract the convex hull from a collection of points in four dimensions.,llms,0.602619469165802,5.157006819435075e-155,0.9774892330169678,0.0,"Harold, an English teacher who has never used a programming language. He understands how to use Excel and basic word processing on a computer but has no knowledge of data structures, programming, or computing concepts."
"Given a set of 2n coins, each biased with a different value for the probability of heads, pick a set of coins that gives the highest probability that when tossed, the number of heads will be n","Consider a group of 2n coins, each having a unique probability of showing heads. Select a combination of coins that maximizes the chance of obtaining exactly n heads when they are flipped.",llms,0.7365250587463379,0.14787359056704477,0.9707280397415161,0.14787358045578003,"John, a junior software engineer. He studied computer science for his undergraduate degree at the University of Bristol and recently graduated. He did an internship in a small startup at the end of his third year where he assisted senior developers to build a tool that helped companies to track and manage their inventory. He has experience with Python, AWS, and unit testing."
"Given a set of 2n coins, each biased with a different value for the probability of heads, pick a set of coins that gives the highest probability that when tossed, the number of heads will be n","You have 2n coins, each with its own specific likelihood of landing on heads. Identify a subset of these coins that provides the greatest probability of resulting in exactly n heads after a series of tosses.",llms,0.7509739995002747,0.09524545552305617,0.9646838307380676,0.09524545073509216,"John, a junior software engineer. He studied computer science for his undergraduate degree at the University of Bristol and recently graduated. He did an internship in a small startup at the end of his third year where he assisted senior developers to build a tool that helped companies to track and manage their inventory. He has experience with Python, AWS, and unit testing."
"Given a set of 2n coins, each biased with a different value for the probability of heads, pick a set of coins that gives the highest probability that when tossed, the number of heads will be n","Given a collection of 2n coins, each with a distinct head probability, determine a selection of coins that will yield the highest likelihood of achieving exactly n heads upon tossing them.",llms,0.8144033551216125,0.16092429412836012,0.9736904501914978,0.1609243005514145,"John, a junior software engineer. He studied computer science for his undergraduate degree at the University of Bristol and recently graduated. He did an internship in a small startup at the end of his third year where he assisted senior developers to build a tool that helped companies to track and manage their inventory. He has experience with Python, AWS, and unit testing."
"Given a set of 2n coins, each biased with a different value for the probability of heads, pick a set of coins that gives the highest probability that when tossed, the number of heads will be n","In a scenario with 2n coins, each possessing a different probability for heads, choose a subset of coins that maximizes the overall probability of obtaining n heads when tossed.",llms,0.8337647318840027,0.12755325577370874,0.975458025932312,0.12755325436592102,"John, a junior software engineer. He studied computer science for his undergraduate degree at the University of Bristol and recently graduated. He did an internship in a small startup at the end of his third year where he assisted senior developers to build a tool that helped companies to track and manage their inventory. He has experience with Python, AWS, and unit testing."
"Given a set of 2n coins, each biased with a different value for the probability of heads, pick a set of coins that gives the highest probability that when tossed, the number of heads will be n","With a set of 2n coins, each exhibiting varying probabilities for landing heads, find a group of coins that offers the best chance of flipping n heads during their toss.",llms,0.7743228673934937,0.21114530164904094,0.973932683467865,0.20289519429206848,"John, a junior software engineer. He studied computer science for his undergraduate degree at the University of Bristol and recently graduated. He did an internship in a small startup at the end of his third year where he assisted senior developers to build a tool that helped companies to track and manage their inventory. He has experience with Python, AWS, and unit testing."
"Given a set of 2n coins, each biased with a different value for the probability of heads, pick a set of coins that gives the highest probability that when tossed, the number of heads will be n","Given a collection of 2n coins, each with its own distinct probability of landing heads, select a subset of these coins to maximize the likelihood of obtaining exactly n heads when they are flipped.",llms,0.794063150882721,0.1399084543967054,0.9702363610267639,0.13990844786167145,"Brad, a principal software engineer at Amazon. He has 12 years of professional software development experience and has led large-scale projects in industry. Brad has knowledge of object-oriented design, data structures, and algorithms. He also has experience designing and building large-scale systems in a multi-tiered, distributed environment. In his current role at the Amazon Device Management Systems organisation, he works on device-authentication, device-registration, device profiles and account-linking and is now working to expand to Remote Key provisioning and Passkeys. "
"Given a set of 2n coins, each biased with a different value for the probability of heads, pick a set of coins that gives the highest probability that when tossed, the number of heads will be n","In a scenario where you have 2n uniquely biased coins with varying probabilities for heads, identify a group of coins that achieves the highest chance of resulting in n heads after being tossed.",llms,0.7143591642379761,2.190846437885078e-78,0.9694448709487915,0.0,"Brad, a principal software engineer at Amazon. He has 12 years of professional software development experience and has led large-scale projects in industry. Brad has knowledge of object-oriented design, data structures, and algorithms. He also has experience designing and building large-scale systems in a multi-tiered, distributed environment. In his current role at the Amazon Device Management Systems organisation, he works on device-authentication, device-registration, device profiles and account-linking and is now working to expand to Remote Key provisioning and Passkeys. "
"Given a set of 2n coins, each biased with a different value for the probability of heads, pick a set of coins that gives the highest probability that when tossed, the number of heads will be n","From a set of 2n coins, each exhibiting a unique probability bias towards heads, choose a combination of coins that optimizes the chance of achieving exactly n heads upon tossing them.",llms,0.8073558807373047,0.2065549005136514,0.9699707627296448,0.20655488967895508,"Brad, a principal software engineer at Amazon. He has 12 years of professional software development experience and has led large-scale projects in industry. Brad has knowledge of object-oriented design, data structures, and algorithms. He also has experience designing and building large-scale systems in a multi-tiered, distributed environment. In his current role at the Amazon Device Management Systems organisation, he works on device-authentication, device-registration, device profiles and account-linking and is now working to expand to Remote Key provisioning and Passkeys. "
"Given a set of 2n coins, each biased with a different value for the probability of heads, pick a set of coins that gives the highest probability that when tossed, the number of heads will be n","With 2n coins at your disposal, each possessing a different likelihood for landing heads, determine the best selection of coins to maximize the probability of flipping exactly n heads.",llms,0.7469169497489929,2.4263133731906634e-78,0.9672720432281494,0.0,"Brad, a principal software engineer at Amazon. He has 12 years of professional software development experience and has led large-scale projects in industry. Brad has knowledge of object-oriented design, data structures, and algorithms. He also has experience designing and building large-scale systems in a multi-tiered, distributed environment. In his current role at the Amazon Device Management Systems organisation, he works on device-authentication, device-registration, device profiles and account-linking and is now working to expand to Remote Key provisioning and Passkeys. "
"Given a set of 2n coins, each biased with a different value for the probability of heads, pick a set of coins that gives the highest probability that when tossed, the number of heads will be n","Consider a set of 2n coins, each having a distinct probability of landing heads; the task is to find a selection of coins that maximizes the probability of getting exactly n heads when tosses are made.",llms,0.7865138053894043,0.23036755606908657,0.9712905287742615,0.2303675413131714,"Brad, a principal software engineer at Amazon. He has 12 years of professional software development experience and has led large-scale projects in industry. Brad has knowledge of object-oriented design, data structures, and algorithms. He also has experience designing and building large-scale systems in a multi-tiered, distributed environment. In his current role at the Amazon Device Management Systems organisation, he works on device-authentication, device-registration, device profiles and account-linking and is now working to expand to Remote Key provisioning and Passkeys. "
"Given a set of 2n coins, each biased with a different value for the probability of heads, pick a set of coins that gives the highest probability that when tossed, the number of heads will be n","From a collection of 2n coins, each with its own unique likelihood of landing on heads, select a subset of coins that maximizes the chances of obtaining exactly n heads when they are tossed.",llms,0.8045445680618286,0.15034141830260483,0.9662983417510986,0.15034142136573792,"Harold, an English teacher who has never used a programming language. He understands how to use Excel and basic word processing on a computer but has no knowledge of data structures, programming, or computing concepts."
"Given a set of 2n coins, each biased with a different value for the probability of heads, pick a set of coins that gives the highest probability that when tossed, the number of heads will be n","Considering 2n coins, each having a distinct probability of landing heads, identify a group of coins that optimally ensures that tossing them results in n heads.",llms,0.6628996729850769,0.10662993496301239,0.9690849781036377,0.10662994533777237,"Harold, an English teacher who has never used a programming language. He understands how to use Excel and basic word processing on a computer but has no knowledge of data structures, programming, or computing concepts."
"Given a set of 2n coins, each biased with a different value for the probability of heads, pick a set of coins that gives the highest probability that when tossed, the number of heads will be n","With a total of 2n coins, where each coin has a different chance of showing heads, choose some coins to achieve the greatest likelihood of resulting in exactly n heads when flipped.",llms,0.7349789142608643,0.09925871511677836,0.9664013981819153,0.09349048882722855,"Harold, an English teacher who has never used a programming language. He understands how to use Excel and basic word processing on a computer but has no knowledge of data structures, programming, or computing concepts."
"Given a set of 2n coins, each biased with a different value for the probability of heads, pick a set of coins that gives the highest probability that when tossed, the number of heads will be n","Among a set comprising 2n coins, each one biased in its chance to come up heads, find a selection of coins that will provide the highest probability of landing n heads after being tossed.",llms,0.7962837219238281,0.1399084543967054,0.9733001589775085,0.13990844786167145,"Harold, an English teacher who has never used a programming language. He understands how to use Excel and basic word processing on a computer but has no knowledge of data structures, programming, or computing concepts."
"Given a set of 2n coins, each biased with a different value for the probability of heads, pick a set of coins that gives the highest probability that when tossed, the number of heads will be n","Given 2n coins, each with varying probabilities for showing heads, determine the best combination of coins to maximize the odds of achieving n heads when they are flipped.",llms,0.6454112529754639,0.09162563366378457,0.9660534262657166,0.0916256532073021,"Harold, an English teacher who has never used a programming language. He understands how to use Excel and basic word processing on a computer but has no knowledge of data structures, programming, or computing concepts."
Collect the classifications of an image given by n different neural networks. Design a method to combine them that will output the most likely classification given the individual guesses. Also state the confidence level of your guess.,"Gather the classifications provided by multiple neural networks for a single image and create an algorithm to merge these results, ensuring the output reflects the most probable classification along with a confidence score.",llms,0.787923276424408,5.795003676909952e-155,0.9732716679573059,0.0,"John, a junior software engineer. He studied computer science for his undergraduate degree at the University of Bristol and recently graduated. He did an internship in a small startup at the end of his third year where he assisted senior developers to build a tool that helped companies to track and manage their inventory. He has experience with Python, AWS, and unit testing."
Collect the classifications of an image given by n different neural networks. Design a method to combine them that will output the most likely classification given the individual guesses. Also state the confidence level of your guess.,"Accumulate the predictions from n distinct neural networks for a given image and devise a method to consolidate them, resulting in the most likely classification and its associated confidence level.",llms,0.7827222347259521,0.11106716903001007,0.9678536653518677,0.11106716841459274,"John, a junior software engineer. He studied computer science for his undergraduate degree at the University of Bristol and recently graduated. He did an internship in a small startup at the end of his third year where he assisted senior developers to build a tool that helped companies to track and manage their inventory. He has experience with Python, AWS, and unit testing."
Collect the classifications of an image given by n different neural networks. Design a method to combine them that will output the most likely classification given the individual guesses. Also state the confidence level of your guess.,"Retrieve the classifications made by n different neural networks on an image, then formulate a strategy to integrate these predictions, yielding the highest probability classification and its confidence measure.",llms,0.7864881157875061,0.12317344501268702,0.9709476232528687,0.12317345291376114,"John, a junior software engineer. He studied computer science for his undergraduate degree at the University of Bristol and recently graduated. He did an internship in a small startup at the end of his third year where he assisted senior developers to build a tool that helped companies to track and manage their inventory. He has experience with Python, AWS, and unit testing."
Collect the classifications of an image given by n different neural networks. Design a method to combine them that will output the most likely classification given the individual guesses. Also state the confidence level of your guess.,"Collect the results from n separate neural networks identifying an image, and develop a technique to synthesize these classifications, producing the most accurate guess along with the certainty associated with that guess.",llms,0.7351885437965393,6.584395406455254e-155,0.9697937965393066,0.0,"John, a junior software engineer. He studied computer science for his undergraduate degree at the University of Bristol and recently graduated. He did an internship in a small startup at the end of his third year where he assisted senior developers to build a tool that helped companies to track and manage their inventory. He has experience with Python, AWS, and unit testing."
Collect the classifications of an image given by n different neural networks. Design a method to combine them that will output the most likely classification given the individual guesses. Also state the confidence level of your guess.,"Obtain the classifications from n varying neural networks for a specific image, and construct a method for combining these inputs to determine the most likely class along with the level of confidence in that classification.",llms,0.7608564496040344,2.5044143714170197e-78,0.9724338054656982,0.0,"John, a junior software engineer. He studied computer science for his undergraduate degree at the University of Bristol and recently graduated. He did an internship in a small startup at the end of his third year where he assisted senior developers to build a tool that helped companies to track and manage their inventory. He has experience with Python, AWS, and unit testing."
Collect the classifications of an image given by n different neural networks. Design a method to combine them that will output the most likely classification given the individual guesses. Also state the confidence level of your guess.,"Gather the classifications provided by n distinct neural networks for a given image. Create an algorithm that merges these results to determine the most probable classification based on the individual predictions, and also include a measure of certainty for this classification.",llms,0.8338330388069153,7.240011523799987e-155,0.9691483974456787,0.0,"Brad, a principal software engineer at Amazon. He has 12 years of professional software development experience and has led large-scale projects in industry. Brad has knowledge of object-oriented design, data structures, and algorithms. He also has experience designing and building large-scale systems in a multi-tiered, distributed environment. In his current role at the Amazon Device Management Systems organisation, he works on device-authentication, device-registration, device profiles and account-linking and is now working to expand to Remote Key provisioning and Passkeys. "
Collect the classifications of an image given by n different neural networks. Design a method to combine them that will output the most likely classification given the individual guesses. Also state the confidence level of your guess.,"Obtain the classifications of an image from n separate neural networks. Develop a technique to integrate these predictions to yield the most likely classification, along with an associated confidence score for the resulting guess.",llms,0.8519031405448914,0.19873788508188672,0.9766366481781006,0.19873788952827454,"Brad, a principal software engineer at Amazon. He has 12 years of professional software development experience and has led large-scale projects in industry. Brad has knowledge of object-oriented design, data structures, and algorithms. He also has experience designing and building large-scale systems in a multi-tiered, distributed environment. In his current role at the Amazon Device Management Systems organisation, he works on device-authentication, device-registration, device profiles and account-linking and is now working to expand to Remote Key provisioning and Passkeys. "
Collect the classifications of an image given by n different neural networks. Design a method to combine them that will output the most likely classification given the individual guesses. Also state the confidence level of your guess.,"Collect predictions from n different neural networks regarding the classification of an image. Design a method to synthesize these predictions, resulting in the most probable classification and a confidence level that reflects the certainty of the outcome.",llms,0.8426389098167419,0.2157454414935219,0.9699105620384216,0.21574543416500092,"Brad, a principal software engineer at Amazon. He has 12 years of professional software development experience and has led large-scale projects in industry. Brad has knowledge of object-oriented design, data structures, and algorithms. He also has experience designing and building large-scale systems in a multi-tiered, distributed environment. In his current role at the Amazon Device Management Systems organisation, he works on device-authentication, device-registration, device profiles and account-linking and is now working to expand to Remote Key provisioning and Passkeys. "
Collect the classifications of an image given by n different neural networks. Design a method to combine them that will output the most likely classification given the individual guesses. Also state the confidence level of your guess.,"Retrieve the classification results for an image from n unique neural networks. Construct a method to combine these outputs, ensuring the final classification reflects the most likely result, and quantify the confidence level of this determination.",llms,0.8062881231307983,0.18854752099892183,0.9711042642593384,0.1885475069284439,"Brad, a principal software engineer at Amazon. He has 12 years of professional software development experience and has led large-scale projects in industry. Brad has knowledge of object-oriented design, data structures, and algorithms. He also has experience designing and building large-scale systems in a multi-tiered, distributed environment. In his current role at the Amazon Device Management Systems organisation, he works on device-authentication, device-registration, device profiles and account-linking and is now working to expand to Remote Key provisioning and Passkeys. "
Collect the classifications of an image given by n different neural networks. Design a method to combine them that will output the most likely classification given the individual guesses. Also state the confidence level of your guess.,"Accumulate classification outputs from n various neural networks for a specific image. Formulate a strategy that merges these outputs to produce the most likely classification, while also providing a confidence level to indicate the reliability of the final decision.",llms,0.830707311630249,0.09170625612054906,0.971277117729187,0.09047500789165497,"Brad, a principal software engineer at Amazon. He has 12 years of professional software development experience and has led large-scale projects in industry. Brad has knowledge of object-oriented design, data structures, and algorithms. He also has experience designing and building large-scale systems in a multi-tiered, distributed environment. In his current role at the Amazon Device Management Systems organisation, he works on device-authentication, device-registration, device profiles and account-linking and is now working to expand to Remote Key provisioning and Passkeys. "
Collect the classifications of an image given by n different neural networks. Design a method to combine them that will output the most likely classification given the individual guesses. Also state the confidence level of your guess.,"Gather the various classifications from n distinct neural networks regarding an image. Create a strategy to merge these classifications to determine the most probable one based on the individual predictions, and include an estimate of the confidence level for the final classification.",llms,0.8494332432746887,2.366453678476723e-78,0.9737447500228882,0.0,"Harold, an English teacher who has never used a programming language. He understands how to use Excel and basic word processing on a computer but has no knowledge of data structures, programming, or computing concepts."
Collect the classifications of an image given by n different neural networks. Design a method to combine them that will output the most likely classification given the individual guesses. Also state the confidence level of your guess.,"Obtain the classifications assigned to an image by n separate neural networks. Develop a technique to integrate these inputs to produce the most likely classification based on the combined guesses, providing a confidence score for your final prediction.",llms,0.878675103187561,0.11854610697411125,0.9772389531135559,0.11854609102010727,"Harold, an English teacher who has never used a programming language. He understands how to use Excel and basic word processing on a computer but has no knowledge of data structures, programming, or computing concepts."
Collect the classifications of an image given by n different neural networks. Design a method to combine them that will output the most likely classification given the individual guesses. Also state the confidence level of your guess.,"Collect the different classifications that n neural networks provide for an image. Formulate a method to aggregate these classifications in a way that yields the most probable outcome, and also give a measure of confidence for this final prediction.",llms,0.8004027009010315,2.4952159320979746e-78,0.9709269404411316,0.0,"Harold, an English teacher who has never used a programming language. He understands how to use Excel and basic word processing on a computer but has no knowledge of data structures, programming, or computing concepts."
Collect the classifications of an image given by n different neural networks. Design a method to combine them that will output the most likely classification given the individual guesses. Also state the confidence level of your guess.,"Retrieve the various classifications generated by n neural networks for a specific image. Design an approach to synthesize these classifications to find the most likely one, while also indicating the confidence level of that conclusion.",llms,0.8336482644081116,0.12465563342386671,0.9755627512931824,0.12321427464485168,"Harold, an English teacher who has never used a programming language. He understands how to use Excel and basic word processing on a computer but has no knowledge of data structures, programming, or computing concepts."
Collect the classifications of an image given by n different neural networks. Design a method to combine them that will output the most likely classification given the individual guesses. Also state the confidence level of your guess.,"Accumulate the classifications from n different neural networks related to an image. Create a method to consolidate these classifications to arrive at the most likely classification, along with a confidence rating for your determination.",llms,0.807987630367279,0.17157836995371417,0.9739700555801392,0.17157837748527527,"Harold, an English teacher who has never used a programming language. He understands how to use Excel and basic word processing on a computer but has no knowledge of data structures, programming, or computing concepts."
"Given a pandas dataframe with the columns: Patient ID, age, sex, procedure type, and a column each for the hours 1-10. Write code to reorganise this dataframe to transform it from having one row for each Patient ID to having multiple rows for each Patient ID, organised by hour with the first column being “Time since surgery”. Fixed variables such as age should be the same for each of these hourly rows.","Given a pandas DataFrame containing the columns: Patient ID, age, sex, procedure type, and individual columns for hours 1 to 10, write a script that reorganizes this DataFrame. The output should show multiple entries for each Patient ID, arranged by hour, with the initial column labeled 'Time since surgery'. Fixed attributes like age should remain constant across these hourly entries.",llms,0.8880993723869324,0.2878866103243091,0.9787052273750305,0.26578691601753235,"John, a junior software engineer. He studied computer science for his undergraduate degree at the University of Bristol and recently graduated. He did an internship in a small startup at the end of his third year where he assisted senior developers to build a tool that helped companies to track and manage their inventory. He has experience with Python, AWS, and unit testing."
"Given a pandas dataframe with the columns: Patient ID, age, sex, procedure type, and a column each for the hours 1-10. Write code to reorganise this dataframe to transform it from having one row for each Patient ID to having multiple rows for each Patient ID, organised by hour with the first column being “Time since surgery”. Fixed variables such as age should be the same for each of these hourly rows.","You have a pandas DataFrame structured with columns for Patient ID, age, sex, procedure type, and separate columns representing hours from 1 to 10. Develop code to reshape this DataFrame so that each Patient ID has multiple records corresponding to each hour, with the first column indicating 'Time since surgery'. Make sure that static variables, such as age, are preserved in each of these hourly records.",llms,0.9087803363800049,0.2596758380130575,0.9759366512298584,0.24697719514369965,"John, a junior software engineer. He studied computer science for his undergraduate degree at the University of Bristol and recently graduated. He did an internship in a small startup at the end of his third year where he assisted senior developers to build a tool that helped companies to track and manage their inventory. He has experience with Python, AWS, and unit testing."
"Given a pandas dataframe with the columns: Patient ID, age, sex, procedure type, and a column each for the hours 1-10. Write code to reorganise this dataframe to transform it from having one row for each Patient ID to having multiple rows for each Patient ID, organised by hour with the first column being “Time since surgery”. Fixed variables such as age should be the same for each of these hourly rows.","Consider a pandas DataFrame that includes columns for Patient ID, age, sex, procedure type, and several columns for hours ranging from 1 to 10. Create a function to transform this DataFrame into a format where there are several rows for each Patient ID, sorted by hour, with the first column titled 'Time since surgery'. Ensure that fixed values like age are consistent across all hourly rows.",llms,0.9054807424545288,0.273957232744529,0.9756003022193909,0.2595251798629761,"John, a junior software engineer. He studied computer science for his undergraduate degree at the University of Bristol and recently graduated. He did an internship in a small startup at the end of his third year where he assisted senior developers to build a tool that helped companies to track and manage their inventory. He has experience with Python, AWS, and unit testing."
"Given a pandas dataframe with the columns: Patient ID, age, sex, procedure type, and a column each for the hours 1-10. Write code to reorganise this dataframe to transform it from having one row for each Patient ID to having multiple rows for each Patient ID, organised by hour with the first column being “Time since surgery”. Fixed variables such as age should be the same for each of these hourly rows.","You have a pandas DataFrame with the following columns: Patient ID, age, sex, procedure type, and separate columns for hours 1 through 10. Write a code snippet to restructure this DataFrame so that each Patient ID is represented by multiple rows for every hour, with the first column named 'Time since surgery'. Ensure that constant variables, such as age, remain the same for each of the hourly entries.",llms,0.9179424047470093,0.3387026932404687,0.9792978167533875,0.3125186562538147,"John, a junior software engineer. He studied computer science for his undergraduate degree at the University of Bristol and recently graduated. He did an internship in a small startup at the end of his third year where he assisted senior developers to build a tool that helped companies to track and manage their inventory. He has experience with Python, AWS, and unit testing."
"Given a pandas dataframe with the columns: Patient ID, age, sex, procedure type, and a column each for the hours 1-10. Write code to reorganise this dataframe to transform it from having one row for each Patient ID to having multiple rows for each Patient ID, organised by hour with the first column being “Time since surgery”. Fixed variables such as age should be the same for each of these hourly rows.","In a pandas DataFrame that features columns for Patient ID, age, sex, procedure type, and hours labeled from 1 to 10, write a program to modify this DataFrame. The goal is to change it from having a single row per Patient ID to multiple rows for each Patient ID, arranged according to hour, and starting with a column called 'Time since surgery'. Make sure attributes like age stay unchanged for all corresponding hourly rows.",llms,0.9067798852920532,0.27692097988965364,0.9762898683547974,0.26550382375717163,"John, a junior software engineer. He studied computer science for his undergraduate degree at the University of Bristol and recently graduated. He did an internship in a small startup at the end of his third year where he assisted senior developers to build a tool that helped companies to track and manage their inventory. He has experience with Python, AWS, and unit testing."
"Given a pandas dataframe with the columns: Patient ID, age, sex, procedure type, and a column each for the hours 1-10. Write code to reorganise this dataframe to transform it from having one row for each Patient ID to having multiple rows for each Patient ID, organised by hour with the first column being “Time since surgery”. Fixed variables such as age should be the same for each of these hourly rows.","Transform the given pandas dataframe, which contains columns for Patient ID, age, sex, procedure type, and hourly data from hours 1 to 10. The goal is to restructure the dataframe so that each Patient ID is represented by multiple rows per hour, with the initial column indicating 'Time since surgery'. Fixed attributes like age should remain constant across these hourly entries.",llms,0.8729735612869263,0.19892109044389117,0.9757257699966431,0.19751758873462677,"Brad, a principal software engineer at Amazon. He has 12 years of professional software development experience and has led large-scale projects in industry. Brad has knowledge of object-oriented design, data structures, and algorithms. He also has experience designing and building large-scale systems in a multi-tiered, distributed environment. In his current role at the Amazon Device Management Systems organisation, he works on device-authentication, device-registration, device profiles and account-linking and is now working to expand to Remote Key provisioning and Passkeys. "
"Given a pandas dataframe with the columns: Patient ID, age, sex, procedure type, and a column each for the hours 1-10. Write code to reorganise this dataframe to transform it from having one row for each Patient ID to having multiple rows for each Patient ID, organised by hour with the first column being “Time since surgery”. Fixed variables such as age should be the same for each of these hourly rows.","Reshape the provided pandas dataframe that includes Patient ID, age, sex, procedure type, and hour-specific columns ranging from 1 to 10. The output should have multiple rows for each Patient ID corresponding to each hour, with the first column denoting 'Time since surgery'. Ensure that static fields like age are retained for every hourly row.",llms,0.8556939363479614,0.23577109330993548,0.9742208123207092,0.23346048593521118,"Brad, a principal software engineer at Amazon. He has 12 years of professional software development experience and has led large-scale projects in industry. Brad has knowledge of object-oriented design, data structures, and algorithms. He also has experience designing and building large-scale systems in a multi-tiered, distributed environment. In his current role at the Amazon Device Management Systems organisation, he works on device-authentication, device-registration, device profiles and account-linking and is now working to expand to Remote Key provisioning and Passkeys. "
"Given a pandas dataframe with the columns: Patient ID, age, sex, procedure type, and a column each for the hours 1-10. Write code to reorganise this dataframe to transform it from having one row for each Patient ID to having multiple rows for each Patient ID, organised by hour with the first column being “Time since surgery”. Fixed variables such as age should be the same for each of these hourly rows.","Given a pandas dataframe featuring columns such as Patient ID, age, sex, procedure type, and hourly metrics from 1 through 10, write a script to reorganize it. The task is to create several rows for each Patient ID, structured by hour, while the first column should reflect 'Time since surgery'. Ensure fixed values like age remain unchanged across all hourly rows.",llms,0.875076949596405,0.27023556228445217,0.9781255722045898,0.2618141174316406,"Brad, a principal software engineer at Amazon. He has 12 years of professional software development experience and has led large-scale projects in industry. Brad has knowledge of object-oriented design, data structures, and algorithms. He also has experience designing and building large-scale systems in a multi-tiered, distributed environment. In his current role at the Amazon Device Management Systems organisation, he works on device-authentication, device-registration, device profiles and account-linking and is now working to expand to Remote Key provisioning and Passkeys. "
"Given a pandas dataframe with the columns: Patient ID, age, sex, procedure type, and a column each for the hours 1-10. Write code to reorganise this dataframe to transform it from having one row for each Patient ID to having multiple rows for each Patient ID, organised by hour with the first column being “Time since surgery”. Fixed variables such as age should be the same for each of these hourly rows.","Reorganize the specified pandas dataframe, which consists of Patient ID, age, sex, procedure type, and hourly columns for hours 1 to 10. Your code should result in multiple rows for every Patient ID, sorted by hour, with 'Time since surgery' as the first column and static variables like age being consistent for all corresponding entries.",llms,0.8084453344345093,0.20096142243795836,0.9764690399169922,0.20274342596530914,"Brad, a principal software engineer at Amazon. He has 12 years of professional software development experience and has led large-scale projects in industry. Brad has knowledge of object-oriented design, data structures, and algorithms. He also has experience designing and building large-scale systems in a multi-tiered, distributed environment. In his current role at the Amazon Device Management Systems organisation, he works on device-authentication, device-registration, device profiles and account-linking and is now working to expand to Remote Key provisioning and Passkeys. "
"Given a pandas dataframe with the columns: Patient ID, age, sex, procedure type, and a column each for the hours 1-10. Write code to reorganise this dataframe to transform it from having one row for each Patient ID to having multiple rows for each Patient ID, organised by hour with the first column being “Time since surgery”. Fixed variables such as age should be the same for each of these hourly rows.","Take the provided pandas dataframe that has columns for Patient ID, age, sex, procedure type, alongside hourly data for hours 1 to 10, and develop code to rearrange it. You'll need to produce several rows for each Patient ID based on the hour, with the initial column titled 'Time since surgery', ensuring that fixed values like age are preserved throughout these rows.",llms,0.8860766291618347,0.20852984535496505,0.9758938550949097,0.20494337379932404,"Brad, a principal software engineer at Amazon. He has 12 years of professional software development experience and has led large-scale projects in industry. Brad has knowledge of object-oriented design, data structures, and algorithms. He also has experience designing and building large-scale systems in a multi-tiered, distributed environment. In his current role at the Amazon Device Management Systems organisation, he works on device-authentication, device-registration, device profiles and account-linking and is now working to expand to Remote Key provisioning and Passkeys. "
"Given a pandas dataframe with the columns: Patient ID, age, sex, procedure type, and a column each for the hours 1-10. Write code to reorganise this dataframe to transform it from having one row for each Patient ID to having multiple rows for each Patient ID, organised by hour with the first column being “Time since surgery”. Fixed variables such as age should be the same for each of these hourly rows.","Suppose you have a pandas dataframe containing columns for Patient ID, age, sex, procedure type, and additional columns representing hours from 1 to 10. Create a code snippet that rearranges this dataframe, changing it from a single row per Patient ID to multiple rows for each Patient ID, sorted by hour, with the initial column labeled 'Time since surgery'. Ensure that fixed information like age remains consistent across these hourly entries.",llms,0.898078203201294,0.2749116334401988,0.9777681231498718,0.27294182777404785,"Harold, an English teacher who has never used a programming language. He understands how to use Excel and basic word processing on a computer but has no knowledge of data structures, programming, or computing concepts."
"Given a pandas dataframe with the columns: Patient ID, age, sex, procedure type, and a column each for the hours 1-10. Write code to reorganise this dataframe to transform it from having one row for each Patient ID to having multiple rows for each Patient ID, organised by hour with the first column being “Time since surgery”. Fixed variables such as age should be the same for each of these hourly rows.","Imagine a pandas dataframe that includes the following columns: Patient ID, age, sex, procedure type, and separate columns for hours ranging from 1 to 10. Please write a code segment to reorganize this dataframe, converting it from having one row for every Patient ID into several rows per Patient ID, organized by hour, starting with a column titled 'Time since surgery'. Fixed factors, such as age, should stay the same across each hourly row.",llms,0.9188474416732788,0.29157210450191984,0.9802802801132202,0.2928885221481323,"Harold, an English teacher who has never used a programming language. He understands how to use Excel and basic word processing on a computer but has no knowledge of data structures, programming, or computing concepts."
"Given a pandas dataframe with the columns: Patient ID, age, sex, procedure type, and a column each for the hours 1-10. Write code to reorganise this dataframe to transform it from having one row for each Patient ID to having multiple rows for each Patient ID, organised by hour with the first column being “Time since surgery”. Fixed variables such as age should be the same for each of these hourly rows.","Consider a pandas dataframe structured with columns for Patient ID, age, sex, procedure type, and individual columns for hours 1 through 10. Write a piece of code to transform this dataframe from a format with a single row for each Patient ID into one that has multiple rows for each Patient ID, arranged by hour, with the first column designated as 'Time since surgery'. Ensure that constant variables like age remain identical for every hourly row.",llms,0.940917432308197,0.3176901579639523,0.9821393489837646,0.3297511637210846,"Harold, an English teacher who has never used a programming language. He understands how to use Excel and basic word processing on a computer but has no knowledge of data structures, programming, or computing concepts."
"Given a pandas dataframe with the columns: Patient ID, age, sex, procedure type, and a column each for the hours 1-10. Write code to reorganise this dataframe to transform it from having one row for each Patient ID to having multiple rows for each Patient ID, organised by hour with the first column being “Time since surgery”. Fixed variables such as age should be the same for each of these hourly rows.","You have a pandas dataframe that lists Patient IDs, age, sex, procedure types, and also has separate columns for hours 1 to 10. Your task is to draft code to change this dataframe structure from having one row for each Patient ID to displaying several rows per Patient ID, organized according to hour. The first column in the new arrangement should be labeled 'Time since surgery', with fixed information such as age appearing the same in each of the hourly rows.",llms,0.9214397668838501,0.2506163111362123,0.9791990518569946,0.24660517275333405,"Harold, an English teacher who has never used a programming language. He understands how to use Excel and basic word processing on a computer but has no knowledge of data structures, programming, or computing concepts."
"Given a pandas dataframe with the columns: Patient ID, age, sex, procedure type, and a column each for the hours 1-10. Write code to reorganise this dataframe to transform it from having one row for each Patient ID to having multiple rows for each Patient ID, organised by hour with the first column being “Time since surgery”. Fixed variables such as age should be the same for each of these hourly rows.","Picture a pandas dataframe that comprises columns for Patient ID, age, sex, procedure type, and separately for each hour from 1 to 10. Write code that restructures this dataframe, shifting from a single row for each Patient ID to multiple rows per Patient ID categorized by hour, with the first column marked as 'Time since surgery'. Make sure that unchanging attributes like age are retained uniformly across these hourly rows.",llms,0.9036613702774048,0.30389819715718513,0.9773198962211609,0.31948670744895935,"Harold, an English teacher who has never used a programming language. He understands how to use Excel and basic word processing on a computer but has no knowledge of data structures, programming, or computing concepts."
Write a sorting function that sorts strings according to underlying ordering.,Create a function that arranges strings based on their inherent order.,llms,0.728197455406189,6.5806869883189804e-155,0.9783341288566589,0.0,"John, a junior software engineer. He studied computer science for his undergraduate degree at the University of Bristol and recently graduated. He did an internship in a small startup at the end of his third year where he assisted senior developers to build a tool that helped companies to track and manage their inventory. He has experience with Python, AWS, and unit testing."
Write a sorting function that sorts strings according to underlying ordering.,Develop a sorting algorithm that organizes strings according to their natural sequence.,llms,0.8367911577224731,4.0622028886850106e-78,0.9830170273780823,0.0,"John, a junior software engineer. He studied computer science for his undergraduate degree at the University of Bristol and recently graduated. He did an internship in a small startup at the end of his third year where he assisted senior developers to build a tool that helped companies to track and manage their inventory. He has experience with Python, AWS, and unit testing."
Write a sorting function that sorts strings according to underlying ordering.,Construct a method to sort strings in accordance with their underlying arrangement.,llms,0.68245530128479,1.4347128449946335e-231,0.9763822555541992,0.0,"John, a junior software engineer. He studied computer science for his undergraduate degree at the University of Bristol and recently graduated. He did an internship in a small startup at the end of his third year where he assisted senior developers to build a tool that helped companies to track and manage their inventory. He has experience with Python, AWS, and unit testing."
Write a sorting function that sorts strings according to underlying ordering.,Implement a function to sort a list of strings based on their intrinsic order.,llms,0.5981923341751099,1.384292958842266e-231,0.9772430062294006,0.0,"John, a junior software engineer. He studied computer science for his undergraduate degree at the University of Bristol and recently graduated. He did an internship in a small startup at the end of his third year where he assisted senior developers to build a tool that helped companies to track and manage their inventory. He has experience with Python, AWS, and unit testing."
Write a sorting function that sorts strings according to underlying ordering.,Write a function that sorts strings while respecting their conventional ordering.,llms,0.8065560460090637,0.28646290158800986,0.9857912659645081,0.2864629030227661,"John, a junior software engineer. He studied computer science for his undergraduate degree at the University of Bristol and recently graduated. He did an internship in a small startup at the end of his third year where he assisted senior developers to build a tool that helped companies to track and manage their inventory. He has experience with Python, AWS, and unit testing."
Write a sorting function that sorts strings according to underlying ordering.,Create a function that arranges strings based on their inherent ordering criteria.,llms,0.7716740369796753,6.60585259847259e-155,0.9786158800125122,0.0,"Brad, a principal software engineer at Amazon. He has 12 years of professional software development experience and has led large-scale projects in industry. Brad has knowledge of object-oriented design, data structures, and algorithms. He also has experience designing and building large-scale systems in a multi-tiered, distributed environment. In his current role at the Amazon Device Management Systems organisation, he works on device-authentication, device-registration, device profiles and account-linking and is now working to expand to Remote Key provisioning and Passkeys. "
Write a sorting function that sorts strings according to underlying ordering.,Develop a sorting algorithm that organizes strings according to their underlying sort order.,llms,0.8568975925445557,3.9543559515104263e-78,0.9855774641036987,0.0,"Brad, a principal software engineer at Amazon. He has 12 years of professional software development experience and has led large-scale projects in industry. Brad has knowledge of object-oriented design, data structures, and algorithms. He also has experience designing and building large-scale systems in a multi-tiered, distributed environment. In his current role at the Amazon Device Management Systems organisation, he works on device-authentication, device-registration, device profiles and account-linking and is now working to expand to Remote Key provisioning and Passkeys. "
Write a sorting function that sorts strings according to underlying ordering.,Implement a function that sorts a list of strings following the specified order of their characters.,llms,0.6635347604751587,2.8442409087371782e-78,0.9776609539985657,0.0,"Brad, a principal software engineer at Amazon. He has 12 years of professional software development experience and has led large-scale projects in industry. Brad has knowledge of object-oriented design, data structures, and algorithms. He also has experience designing and building large-scale systems in a multi-tiered, distributed environment. In his current role at the Amazon Device Management Systems organisation, he works on device-authentication, device-registration, device profiles and account-linking and is now working to expand to Remote Key provisioning and Passkeys. "
Write a sorting function that sorts strings according to underlying ordering.,Write a method to sort strings in alignment with their underlying lexicographical sequence.,llms,0.6549537181854248,6.356121367760845e-155,0.9791016578674316,0.0,"Brad, a principal software engineer at Amazon. He has 12 years of professional software development experience and has led large-scale projects in industry. Brad has knowledge of object-oriented design, data structures, and algorithms. He also has experience designing and building large-scale systems in a multi-tiered, distributed environment. In his current role at the Amazon Device Management Systems organisation, he works on device-authentication, device-registration, device profiles and account-linking and is now working to expand to Remote Key provisioning and Passkeys. "
Write a sorting function that sorts strings according to underlying ordering.,Design a routine that sorts an array of strings based on their fundamental ordering principles.,llms,0.7548216581344604,5.931400068694656e-155,0.9778323173522949,0.0,"Brad, a principal software engineer at Amazon. He has 12 years of professional software development experience and has led large-scale projects in industry. Brad has knowledge of object-oriented design, data structures, and algorithms. He also has experience designing and building large-scale systems in a multi-tiered, distributed environment. In his current role at the Amazon Device Management Systems organisation, he works on device-authentication, device-registration, device profiles and account-linking and is now working to expand to Remote Key provisioning and Passkeys. "
Write a sorting function that sorts strings according to underlying ordering.,Create a function that organizes text strings based on their natural sequence.,llms,0.6951325535774231,6.311514251575017e-155,0.9753559231758118,0.0,"Harold, an English teacher who has never used a programming language. He understands how to use Excel and basic word processing on a computer but has no knowledge of data structures, programming, or computing concepts."
Write a sorting function that sorts strings according to underlying ordering.,Develop a method to arrange strings in a specific order according to their inherent ranking.,llms,0.6985388994216919,5.667113443314699e-155,0.9799485206604004,0.0,"Harold, an English teacher who has never used a programming language. He understands how to use Excel and basic word processing on a computer but has no knowledge of data structures, programming, or computing concepts."
Write a sorting function that sorts strings according to underlying ordering.,Design a procedure that sorts a collection of strings following a defined ordering principle.,llms,0.7385464906692505,6.13274920178966e-155,0.9778115153312683,0.0,"Harold, an English teacher who has never used a programming language. He understands how to use Excel and basic word processing on a computer but has no knowledge of data structures, programming, or computing concepts."
Write a sorting function that sorts strings according to underlying ordering.,Construct a function to put strings in order based on their fundamental arrangement.,llms,0.6067619919776917,1.408376648685561e-231,0.977523922920227,0.0,"Harold, an English teacher who has never used a programming language. He understands how to use Excel and basic word processing on a computer but has no knowledge of data structures, programming, or computing concepts."
Write a sorting function that sorts strings according to underlying ordering.,Implement a sorting routine that organizes strings according to their intrinsic order.,llms,0.853874146938324,4.0622028886850106e-78,0.9830196499824524,0.0,"Harold, an English teacher who has never used a programming language. He understands how to use Excel and basic word processing on a computer but has no knowledge of data structures, programming, or computing concepts."
